context_small,context_large,word,prev,prev_fav,fol,fol_fav,count,frequency_ppm,freq_log_ppm,hapax,stress,fav_count,FFC,transmission,modern_spa,latin_stop
de Milan: mas en los claros i,herrerias de Milan: mas en los claros ingenios de doctos varones,claros,s,no,a,yes,6,87.71032204,4.47403959,no,stressed,1,0.166666667,oral,preservation,c
tificio: su fuerte e claro m,: sotil artificio: su fuerte e claro metal: su modo e manera de,claro,e,yes,a,yes,23,336.2229012,5.817774336,no,stressed,9,0.391304348,oral,preservation,c
on es que aplique mi pluma e," dano: razon es que aplique mi pluma este engano, no dissimulan",pluma,i,no,u,no,13,190.0390311,5.247229478,no,stressed,2,0.153846154,oral,preservation,p
"estruyen: nublosas & flacas, ","mis alas destruyen: nublosas & flacas, nascidas de ogano. Prosig",flacas,&,no,a,yes,4,58.47354803,4.068574482,no,stressed,1,0.25,oral,preservation,f
rga: desta manera la pluma s,"lud se alarga: desta manera la pluma se embarga, imponiendo dic",pluma,a,yes,u,no,13,190.0390311,5.247229478,no,stressed,2,0.153846154,oral,preservation,p
i que esta obra a mi flaco e,"nte. Y assi que esta obra a mi flaco entender fue tanto breue, ",flaco,i,no,a,yes,12,175.4206441,5.16718677,no,stressed,2,0.166666667,oral,preservation,f
"de gracias, labor de plazer: "," en forro de gracias, labor de plazer: no hizo Dedalo en su offi",plazer,e,yes,a,yes,78,1140.234187,7.038988947,no,unstressed,31,0.397435897,oral,preservation,p
"as y lanza, azotes y clauos s"," que espinas y lanza, azotes y clauos su sangre vertieron; la su",clauos,y,no,a,yes,2,29.23677401,3.375427301,no,stressed,0,0,oral,preservation,c
 es que aplique a mi pluma e,ano: razon es que aplique a mi pluma este engano no despreciand,pluma,i,no,u,no,13,190.0390311,5.247229478,no,stressed,2,0.153846154,oral,preservation,p
destruyen nublosas e flacas n, mis alas destruyen nublosas e flacas nascidas de ogano. Prosigu,flacas,e,yes,a,yes,4,58.47354803,4.068574482,no,stressed,1,0.25,oral,preservation,f
rga: desta manera mi pluma s,lud se alarga: desta manera mi pluma se embarga imponiendo dich,pluma,i,no,u,no,13,190.0390311,5.247229478,no,stressed,2,0.153846154,oral,preservation,p
 de gracias lauor de plazer: ,l en forro de gracias lauor de plazer: no hizo Dedalo cierto a m,plazer,e,yes,a,yes,78,1140.234187,7.038988947,no,unstressed,31,0.397435897,oral,preservation,p
ue de muy hinchada y llena q,e dezir: que de muy hinchada y llena quiere rebentar: echando d,llena,y,no,e,yes,11,160.8022571,5.080175393,no,stressed,7,0.636363636,oral,palatalization,p
 de aquellos que por claror d,los dichos de aquellos que por claror de sus ingenios meresciero,claror,r,no,a,yes,1,14.61838701,2.68228012,yes,unstressed,0,0,oral,preservation,c
errae tremunt. maria fluctuant a,fligunt. terrae tremunt. maria fluctuant aer quatitur. crepant flam,fluctuant,a,yes,u,no,1,14.61838701,2.68228012,yes,unstressed,1,1,written,preservation,f
e sacude: suenan las llamas: , el ayre se sacude: suenan las llamas: los vientos entre si trae,llamas,s,no,a,yes,8,116.9470961,4.761721662,no,stressed,3,0.375,oral,palatalization,c
 de tras el fuego yo llegaria m,se conseja de tras el fuego yo llegaria mas al cabo esta cuenta. E,llegaria,o,yes,e,yes,1,14.61838701,2.68228012,yes,unstressed,1,1,oral,palatalization,p
s de vn pequeno pece llamado e, marauillas de vn pequeno pece llamado echeneis: quanto sea apta ,llamado,e,yes,a,yes,10,146.1838701,4.984865213,no,unstressed,5,0.5,oral,palatalization,c
 a cazar. De vna ave llamada R,los vienen a cazar. De vna ave llamada Rocho que nace en el Indic,llamada,e,yes,a,yes,5,73.09193504,4.291718033,no,unstressed,4,0.8,oral,palatalization,c
es que desta nuestra flaca h,e variedades que desta nuestra flaca humanidad nos prouienen: e,flaca,a,yes,a,yes,13,190.0390311,5.247229478,no,stressed,5,0.384615385,oral,preservation,f
 para cuyo verdadero plazer e,o aquellos para cuyo verdadero plazer es todo: desechan el cuent,plazer,o,yes,a,yes,78,1140.234187,7.038988947,no,unstressed,31,0.397435897,oral,preservation,p
do que no se auia de llamar C,re: diziendo que no se auia de llamar Comedia: pues acabaua en t,llamar,e,yes,a,yes,18,263.1309661,5.572651878,no,unstressed,6,0.333333333,oral,palatalization,c
risteza: sino que se llamasse T,abaua en tristeza: sino que se llamasse Tragedia. El primer autor ,llamasse,e,yes,a,yes,1,14.61838701,2.68228012,yes,unstressed,1,1,oral,palatalization,c
el principio que fue plazer e,minacion del principio que fue plazer e llamola Comedia. yo vien,plazer,e,yes,a,yes,78,1140.234187,7.038988947,no,unstressed,31,0.397435897,oral,preservation,p
 llamola C,e plazer e llamola Comedia. yo viendo estas d,llamola,e,yes,a,yes,1,14.61838701,2.68228012,yes,stressed,1,1,oral,palatalization,c
r medio la porfia: e llamela T,i agora por medio la porfia: e llamela Tragicomedia. Assi que vie,llamela,e,yes,a,yes,1,14.61838701,2.68228012,yes,stressed,1,1,oral,palatalization,c
meter segunda vez la pluma e, voluntad meter segunda vez la pluma en tan estrana lauor e tan,pluma,a,yes,u,no,13,190.0390311,5.247229478,no,stressed,2,0.153846154,oral,preservation,p
 de noble linaje: de claro i,alisto fue de noble linaje: de claro ingenio: de gentil disposi,claro,e,yes,a,yes,23,336.2229012,5.817774336,no,stressed,9,0.391304348,oral,preservation,c
o con vn criado suyo llamado S,iado. hablo con vn criado suyo llamado Sempronio. el qual despues,llamado,o,yes,a,yes,10,146.1838701,4.984865213,no,unstressed,5,0.5,oral,palatalization,c
enderezo a vna vieja llamada C,azones le enderezo a vna vieja llamada Celestina: en cuya casa te,llamada,a,yes,a,yes,5,73.09193504,4.291718033,no,unstressed,4,0.8,oral,palatalization,c
criado vna enamorada llamada E, el mesmo criado vna enamorada llamada Elicia: la qual viniendo S,llamada,a,yes,a,yes,5,73.09193504,4.291718033,no,unstressed,4,0.8,oral,palatalization,c
tenia a otro consigo llamado C,de su amo tenia a otro consigo llamado Crito: al qual escondieron,llamado,o,yes,a,yes,10,146.1838701,4.984865213,no,unstressed,5,0.5,oral,palatalization,c
iento dura fasta que llega S,al razonamiento dura fasta que llega Sempronio e Celestina a ca,llega,e,yes,e,yes,49,716.3009634,6.574100419,no,stressed,3,0.06122449,oral,palatalization,p
ste vn poco. dexemos llorar a,enconan. este vn poco. dexemos llorar al que dolor tiene: que la,llorar,s,no,o,yes,21,306.9861272,5.726802558,no,unstressed,13,0.619047619,oral,palatalization,p
en puedan sus cuytas llorar. ,er con quien puedan sus cuytas llorar. Y que la llaga interior m,llorar,s,no,o,yes,21,306.9861272,5.726802558,no,unstressed,13,0.619047619,oral,palatalization,p
Y que la llaga i,s llorar. Y que la llaga interior mas empece. Pues ,llaga,s,no,o,yes,25,365.4596752,5.901155945,no,stressed,6,0.24,oral,palatalization,p
lo dire: mayor es la llama q,mo? yo te lo dire: mayor es la llama que dura ochenta anos que ,llama,a,yes,a,yes,86,1257.181283,7.136627417,no,stressed,8,0.093023256,oral,palatalization,f
za / o pertinacia la llaman e,a mas dureza / o pertinacia la llaman en mi tierra. Vosotros los,llaman,a,yes,a,yes,16,233.8941921,5.454868843,no,stressed,9,0.5625,oral,palatalization,c
 filosofos de Cupido llamalda c,sotros los filosofos de Cupido llamalda como quisierdes. CAL.--tor,llamalda,o,yes,a,yes,1,14.61838701,2.68228012,yes,unstressed,1,1,oral,palatalization,c
la imperfecion de la flaca m, hombre a la imperfecion de la flaca muger. CAL.--muger? o gros,flaca,a,yes,a,yes,13,190.0390311,5.247229478,no,stressed,5,0.384615385,oral,preservation,f
oda tu vida auias de llorar? ,ues que: toda tu vida auias de llorar? CAL.--si. SEMP.--porque? ,llorar,e,yes,o,yes,21,306.9861272,5.726802558,no,unstressed,13,0.619047619,oral,palatalization,p
os: mira los poetas: llenos e,os filosofos: mira los poetas: llenos estan los libros de sus vi,llenos,:,no,e,yes,4,58.47354803,4.068574482,no,stressed,1,0.25,oral,palatalization,p
 Combidan. despiden. llaman. , la calle. Combidan. despiden. llaman. niegan. senalan amor. pro,llaman,.,no,a,yes,16,233.8941921,5.454868843,no,stressed,9,0.5625,oral,palatalization,c
o que quieren. O que plaga. ,adeuinen lo que quieren. O que plaga. o que enojo. o que fastio,plaga,e,yes,a,yes,1,14.61838701,2.68228012,yes,stressed,1,1,written,preservation,p
ro eres hombre: e de claro i,"? lo primero eres hombre: e de claro ingenio: e mas, a quien la",claro,e,yes,a,yes,23,336.2229012,5.817774336,no,stressed,9,0.391304348,oral,preservation,c
" digas, que muy gran plazer h","dixe que digas, que muy gran plazer haure de lo oyr. Assi te m",plazer,n,no,a,yes,78,1140.234187,7.038988947,no,unstressed,31,0.397435897,oral,preservation,p
L.--pues porque ayas plazer: ,de oyr. CAL.--pues porque ayas plazer: yo lo figurare por partes,plazer,s,no,a,yes,78,1140.234187,7.038988947,no,unstressed,31,0.397435897,oral,preservation,p
jos? SEMP.--con ojos claros. ,jos? SEMP.--con ojos claros. ,claros,s,no,a,yes,6,87.71032204,4.47403959,no,stressed,1,0.166666667,oral,preservation,c
n los principios las llagas: ,os danan en los principios las llagas: e encarecen el prometimie,llagas,s,no,a,yes,3,43.85516102,3.780892409,no,stressed,0,0,oral,palatalization,p
r? CAL.--a la puerta llaman; ,"e es, senor? CAL.--a la puerta llaman; corre. PARM.--quien es? S",llaman,a,yes,a,yes,16,233.8941921,5.454868843,no,stressed,9,0.5625,oral,palatalization,c
sta el nombre que la llame? , orejas desta el nombre que la llame? no lo creas: que assi se ,llame,a,yes,a,yes,6,87.71032204,4.47403959,no,stressed,4,0.666666667,oral,palatalization,c
"RM.--senor, yua a la plaza e","eruias? PARM.--senor, yua a la plaza e trayale de comer: e acom",plaza,a,yes,a,yes,8,116.9470961,4.761721662,no,stressed,7,0.875,oral,preservation,p
 que entrauan alli a llorar s,"satacados: que entrauan alli a llorar sus pecados. que trafagos,",llorar,a,yes,o,yes,21,306.9861272,5.726802558,no,unstressed,13,0.619047619,oral,palatalization,p
es. Tenia vna camara llena d,"s, mosquetes. Tenia vna camara llena de alambiques, de redomill",llena,a,yes,e,yes,11,160.8022571,5.080175393,no,stressed,7,0.636363636,oral,palatalization,p
"ujelladas, cerillas, llanillas, ","entadas, bujelladas, cerillas, llanillas, vnturillas, lustres, luze",llanillas,",",no,a,yes,1,14.61838701,2.68228012,yes,unstressed,0,0,oral,palatalization,p
"lustres, luzentores, clarimientes, ","turillas, lustres, luzentores, clarimientes, alualinos. E otras aguas ",clarimientes,",",no,a,yes,1,14.61838701,2.68228012,yes,unstressed,0,0,oral,preservation,c
"ntrillo, coronillas, flor d","scos, culantrillo, coronillas, flor de sauco e de mostaza, esp",flor,",",no,o,yes,16,233.8941921,5.454868843,no,stressed,2,0.125,oral,preservation,f
"tarosa e gramonilla, flor s","lanco, tortarosa e gramonilla, flor saluaje, e higueruela, pic",flor,",",no,o,yes,16,233.8941921,5.454868843,no,stressed,2,0.125,oral,preservation,f
"a, soga de ahorcado, flor d","uija marina, soga de ahorcado, flor de yedra, espina de erizo,",flor,",",no,o,yes,16,233.8941921,5.454868843,no,stressed,2,0.125,oral,preservation,f
os corazones de cera llenos d,os daua vnos corazones de cera llenos de agujas quebradas. e otr,llenos,a,yes,e,yes,4,58.47354803,4.068574482,no,stressed,1,0.25,oral,palatalization,p
 cosas en barro e en plomo h,"s. e otras cosas en barro e en plomo hechas, muy espantables al",plomo,n,no,o,yes,1,14.61838701,2.68228012,yes,stressed,0,0,oral,preservation,p
s sobre buen natural florescen: , costumbres sobre buen natural florescen: como el buen natural sea ,florescen,l,no,o,yes,1,14.61838701,2.68228012,yes,unstressed,0,0,oral,preservation,f
"or. CAL.--que hazes, llaue d","SEMP.--senor. CAL.--que hazes, llaue de mi vida? abre. O Parmen",llaue,",",no,a,yes,3,43.85516102,3.780892409,no,stressed,0,0,oral,palatalization,c
 de mi muerte. Deseo llegar a,esurrecion de mi muerte. Deseo llegar a ti. Cobdicio besar essas,llegar,o,yes,e,yes,15,219.2758051,5.390330322,no,unstressed,9,0.6,oral,palatalization,p
io besar essas manos llenas d,ti. Cobdicio besar essas manos llenas de remedio. la indignidad ,llenas,s,no,e,yes,1,14.61838701,2.68228012,yes,stressed,0,0,oral,palatalization,p
"ven comigo: trae las llaues, ","AL.--pues ven comigo: trae las llaues, que yo sanare su duda. SE",llaues,s,no,a,yes,2,29.23677401,3.375427301,no,stressed,0,0,oral,palatalization,c
 juzgues por eso por flaco: ,o: e no lo juzgues por eso por flaco: que el amor imperuio toda,flaco,r,no,a,yes,12,175.4206441,5.16718677,no,stressed,2,0.166666667,oral,preservation,f
o vegetatiuo algunas plantas h,as. E en lo vegetatiuo algunas plantas han este respeto: si sin i,plantas,s,no,a,yes,3,43.85516102,3.780892409,no,stressed,0,0,oral,preservation,p
itos en tal gestico: llegate a,"ezico, lobitos en tal gestico: llegate aca, putico, que no sabes ",llegate,:,no,e,yes,10,146.1838701,4.984865213,no,stressed,1,0.1,oral,palatalization,p
a mala me mate si te llego a,". Mas rauia mala me mate si te llego a mi, avnque vieja: que la",llego,e,yes,e,yes,6,87.71032204,4.47403959,no,stressed,4,0.666666667,oral,palatalization,p
"do sufrir: digolo, e lloro. "," no lo puedo sufrir: digolo, e lloro. CEL.--Parmeno: tu no vees",lloro,e,yes,o,yes,13,190.0390311,5.247229478,no,stressed,5,0.384615385,oral,palatalization,p
s necedad o simpleza llorar p,vees que es necedad o simpleza llorar por lo que con llorar no s,llorar,a,yes,o,yes,21,306.9861272,5.726802558,no,unstressed,13,0.619047619,oral,palatalization,p
or lo que con llorar n,a llorar por lo que con llorar no se puede remediar? PARM,llorar,a,yes,o,yes,21,306.9861272,5.726802558,no,unstressed,13,0.619047619,oral,palatalization,p
iar? PARM.--por esso lloro: ,uede remediar? PARM.--por esso lloro: que si con llorar fuesse ,lloro,o,yes,o,yes,13,190.0390311,5.247229478,no,stressed,5,0.384615385,oral,palatalization,p
que si con llorar f,so lloro: que si con llorar fuesse possible traer a mi,llorar,o,yes,o,yes,21,306.9861272,5.726802558,no,unstressed,13,0.619047619,oral,palatalization,p
 tan grande seria el plazer d,l remedio: tan grande seria el plazer de la tal esperanza: que d,plazer,l,no,a,yes,78,1140.234187,7.038988947,no,unstressed,31,0.397435897,oral,preservation,p
ue de gozo no podria llorar. ,peranza: que de gozo no podria llorar. pero assi perdida ya la e,llorar,a,yes,o,yes,21,306.9861272,5.726802558,no,unstressed,13,0.619047619,oral,palatalization,p
 pierdo el alegria e lloro. ,esperanza: pierdo el alegria e lloro. CEL.--lloraras sin prouec,lloro,e,yes,o,yes,13,190.0390311,5.247229478,no,stressed,5,0.384615385,oral,palatalization,p
prouecho: por lo que llorando e,raras sin prouecho: por lo que llorando estoruar no podras: ni san,llorando,e,yes,o,yes,7,102.3287091,4.628190269,no,unstressed,3,0.428571429,oral,palatalization,p
ano es en mano desta flaca v,oder ser sano es en mano desta flaca vieja. PARM.--mas desta fl,flaca,a,yes,a,yes,13,190.0390311,5.247229478,no,stressed,5,0.384615385,oral,preservation,f
ja. PARM.--mas desta flaca p, flaca vieja. PARM.--mas desta flaca puta vieja. CEL.--putos di,flaca,a,yes,a,yes,13,190.0390311,5.247229478,no,stressed,5,0.384615385,oral,preservation,f
" avnque a vn fin soy llamada, ","ucha; que, avnque a vn fin soy llamada, a otro so venida: e mague",llamada,y,no,a,yes,5,73.09193504,4.291718033,no,unstressed,4,0.8,oral,palatalization,c
a tal copia de oro e plata q,o encerrada tal copia de oro e plata que basta mas que la renta,plata,e,yes,a,yes,2,29.23677401,3.375427301,no,stressed,2,1,oral,preservation,p
: hasta agora que ha plazido a,e quantias: hasta agora que ha plazido aquel que todos los cuydad,plazido,a,yes,a,yes,3,43.85516102,3.780892409,no,unstressed,3,1,oral,preservation,p
manjares. e nunca la llaga v,on de los manjares. e nunca la llaga viene a cicatrizar: en la ,llaga,a,yes,a,yes,25,365.4596752,5.901155945,no,stressed,6,0.24,oral,palatalization,p
an. ni conualesce la planta q,s se tientan. ni conualesce la planta que muchas vezes es traspu,planta,a,yes,a,yes,5,73.09193504,4.291718033,no,stressed,1,0.2,oral,preservation,p
"n prouechosa, que en llegando a","ay cosa tan prouechosa, que en llegando aproueche: por tanto, mi h",llegando,n,no,e,yes,2,29.23677401,3.375427301,no,unstressed,0,0,oral,palatalization,p
stancia. no viuas en flores. , ellos constancia. no viuas en flores. dexa los vanos prometimie,flores,n,no,o,yes,6,87.71032204,4.47403959,no,stressed,1,0.166666667,oral,preservation,f
 para todo linaje de plazer: ,dispuestos para todo linaje de plazer: en que mas los mozos que ,plazer,e,yes,a,yes,78,1140.234187,7.038988947,no,unstressed,31,0.397435897,oral,preservation,p
as voluntades de los flacos: , e tomar las voluntades de los flacos: e con poluos de sabroso a,flacos,s,no,a,yes,5,73.09193504,4.291718033,no,stressed,1,0.2,oral,preservation,f
E los ancianos somos llamados p,s viejos. E los ancianos somos llamados padres. E los buenos padre,llamados,s,no,a,yes,3,43.85516102,3.780892409,no,unstressed,0,0,oral,palatalization,c
 fijos de dios seran llamados. ,ficos: que fijos de dios seran llamados. Amor no se deue rehuyr: c,llamados,n,no,a,yes,3,43.85516102,3.780892409,no,unstressed,0,0,oral,palatalization,c
gun el deseo de como llego v,"auilla, segun el deseo de como llego viuo: recibe la dadiua pob",llego,o,yes,e,yes,6,87.71032204,4.47403959,no,stressed,4,0.666666667,oral,palatalization,p
na luz nunca te hara claro s,que la agena luz nunca te hara claro si la propia no tienes. E ,claro,a,yes,a,yes,23,336.2229012,5.817774336,no,stressed,9,0.391304348,oral,preservation,c
 no te estimes en la claridad d," por tanto no te estimes en la claridad de tu padre, que tan magni",claridad,a,yes,a,yes,7,102.3287091,4.628190269,no,unstressed,4,0.571428571,oral,preservation,c
ana quien te allegue plazeres: ,o te acompana quien te allegue plazeres: diga donayres: tanga canc,plazeres,e,yes,a,yes,8,116.9470961,4.761721662,no,unstressed,3,0.375,oral,preservation,p
s que aliuia la pena llorar l,"e, no sabes que aliuia la pena llorar la causa? quanto es dulce ",llorar,a,yes,o,yes,21,306.9861272,5.726802558,no,unstressed,13,0.619047619,oral,palatalization,p
 sientes mi soledad: llama a,"pues tanto sientes mi soledad: llama a Parmeno, quedara comigo:",llama,:,no,a,yes,86,1257.181283,7.136627417,no,stressed,8,0.093023256,oral,palatalization,c
cinco. PARM.--ya las lloras: ,ue a otra cinco. PARM.--ya las lloras: duelos tenemos: en casa s,lloras,s,no,o,yes,4,58.47354803,4.068574482,no,stressed,2,0.5,oral,palatalization,p
ias aquella ardiente llaga q,gua rociarias aquella ardiente llaga que la cruel frecha de Cup,llaga,e,yes,a,yes,25,365.4596752,5.901155945,no,stressed,6,0.24,oral,palatalization,p
e que esta mi pena e flutuoso d,. pues sabe que esta mi pena e flutuoso dolor no se rige por razon,flutuoso,e,yes,u,no,1,14.61838701,2.68228012,yes,unstressed,1,1,written,preservation,f
"anado. PARM.--senor, flaca e"," mal acompanado. PARM.--senor, flaca es la fidelidad que temor ",flaca,",",no,a,yes,13,190.0390311,5.247229478,no,stressed,5,0.384615385,oral,preservation,f
 amor / encienden tu llama /, abiuan tu amor / encienden tu llama / anaden astillas: que ten,llama,u,no,a,yes,86,1257.181283,7.136627417,no,stressed,8,0.093023256,oral,palatalization,f
pues a los traydores llaman d,la gente. pues a los traydores llaman discretos / a los fieles n,llaman,s,no,a,yes,16,233.8941921,5.454868843,no,stressed,9,0.5625,oral,palatalization,c
comportable: ninguna llaga t,"e: e faga comportable: ninguna llaga tanto se sintio, que por l",llaga,a,yes,a,yes,25,365.4596752,5.901155945,no,stressed,6,0.24,oral,palatalization,p
xase su tormento: ni plazer t,po no afloxase su tormento: ni plazer tan alegre fue que no le a,plazer,i,no,a,yes,78,1140.234187,7.038988947,no,unstressed,31,0.397435897,oral,preservation,p
os solazes: nuestros plazeres: ,mos nuestros solazes: nuestros plazeres: nuestros consejos e conci,plazeres,s,no,a,yes,8,116.9470961,4.761721662,no,unstressed,3,0.375,oral,preservation,p
o pensaua que no era llegada: ,ria. quando pensaua que no era llegada: era de buelta. Alla la co,llegada,a,yes,e,yes,5,73.09193504,4.291718033,no,unstressed,2,0.4,oral,palatalization,p
mo sobre vna taza de plata s, vezes: como sobre vna taza de plata su palabra era prenda de o,plata,e,yes,a,yes,2,29.23677401,3.375427301,no,stressed,2,1,oral,preservation,p
 tu amo quedasse sin pluma: , cargo que tu amo quedasse sin pluma: e nosotros sin quexa: per,pluma,n,no,u,no,13,190.0390311,5.247229478,no,stressed,2,0.153846154,oral,preservation,p
"s esta, si a dios ha plazido, ","ibea: no es esta, si a dios ha plazido, la primera a quien yo he ",plazido,a,yes,a,yes,3,43.85516102,3.780892409,no,unstressed,3,1,oral,preservation,p
es salir el alma: su claridad l," quiereseles salir el alma: su claridad les escuresce el corazon.""",claridad,u,no,a,yes,7,102.3287091,4.628190269,no,unstressed,4,0.571428571,oral,preservation,c
or lana e vengas sin pluma. ,"no vayas por lana e vengas sin pluma. CEL.--sin pluma, fijo? SE",pluma,n,no,u,no,13,190.0390311,5.247229478,no,stressed,2,0.153846154,oral,preservation,p
"CEL.--sin pluma, ","in pluma. CEL.--sin pluma, fijo? SEMP.--o emplumada,",pluma,n,no,u,no,13,190.0390311,5.247229478,no,stressed,2,0.153846154,oral,preservation,p
"a otra noche, quando llouia e","el campo la otra noche, quando llouia e hazia escuro: e abre el ",llouia,o,yes,o,yes,1,14.61838701,2.68228012,yes,stressed,1,1,oral,palatalization,p
"ina, tu mas conocida clientula: ","Yo, Celestina, tu mas conocida clientula: te conjuro por la virtud ",clientula,a,yes,i,no,1,14.61838701,2.68228012,yes,unstressed,1,1,written,preservation,c
"consigo misma, fasta llegar a","ino habla consigo misma, fasta llegar a la puerta de Pleberio, o",llegar,a,yes,e,yes,15,219.2758051,5.390330322,no,unstressed,9,0.6,oral,palatalization,p
Viene vn mensajero a llamar a, en casa. Viene vn mensajero a llamar a Alisa. vase. queda Celes,llamar,a,yes,a,yes,18,263.1309661,5.572651878,no,unstressed,6,0.333333333,oral,palatalization,c
e topado: a los tres llaman J,bres que he topado: a los tres llaman Juanes: y los dos son corn,llaman,s,no,a,yes,16,233.8941921,5.454868843,no,stressed,9,0.5625,oral,palatalization,c
os. e avn algunos la llaman l,. cura ninos. e avn algunos la llaman la vieja lapidaria. ALI.--,llaman,a,yes,a,yes,16,233.8941921,5.454868843,no,stressed,9,0.5625,oral,palatalization,c
" que viene su paje a llamarme, "," e tambien que viene su paje a llamarme, que se le arrezio desde v",llamarme,a,yes,a,yes,2,29.23677401,3.375427301,no,unstressed,2,1,oral,palatalization,c
 su noble juuentud e florida m,dexe gozar su noble juuentud e florida mocedad: que es el tiempo ,florida,e,yes,o,yes,2,29.23677401,3.375427301,no,unstressed,2,1,oral,preservation,f
el tiempo en que mas plazeres e,d: que es el tiempo en que mas plazeres e mayores deleytes se alca,plazeres,s,no,a,yes,8,116.9470961,4.761721662,no,unstressed,3,0.375,oral,preservation,p
s: congoxa continua: llaga i,e renzillas: congoxa continua: llaga incurable. manzilla de lo ,llaga,:,no,a,yes,25,365.4596752,5.901155945,no,stressed,6,0.24,oral,palatalization,p
hoza sin rama que se llueue p, muerte. choza sin rama que se llueue por cada parte. cayado de ,llueue,e,yes,u,no,1,14.61838701,2.68228012,yes,stressed,1,1,oral,palatalization,p
rto trabajo. dessean llegar a,dessean harto trabajo. dessean llegar alla porque llegando viuen,llegar,n,no,e,yes,15,219.2758051,5.390330322,no,unstressed,9,0.6,oral,palatalization,p
lla porque llegando v,n llegar alla porque llegando viuen: e el viuir es dulce,llegando,n,no,e,yes,2,29.23677401,3.375427301,no,unstressed,0,0,oral,palatalization,p
cer de fuerza. aquel flaco a,aquel carecer de fuerza. aquel flaco andar. aquel espacioso com,flaco,l,no,a,yes,12,175.4206441,5.16718677,no,stressed,2,0.166666667,oral,preservation,f
e / a todos quita el plazer e,o la muerte / a todos quita el plazer e a las buenas costumbres:,plazer,l,no,a,yes,78,1140.234187,7.038988947,no,unstressed,31,0.397435897,oral,preservation,p
: tambien hasme dado plazer c,conoscerte: tambien hasme dado plazer con tus razones: toma tu d,plazer,o,yes,a,yes,78,1140.234187,7.038988947,no,unstressed,31,0.397435897,oral,preservation,p
ro en mi casa: e vno lleno e,aua vn cuero en mi casa: e vno lleno e otro vazio: jamas me aco,lleno,o,yes,e,yes,8,116.9470961,4.761721662,no,stressed,4,0.5,oral,palatalization,p
: que no participe e llame l,gallo come: que no participe e llame las gallinas a comer dello,llame,e,yes,a,yes,6,87.71032204,4.47403959,no,stressed,4,0.666666667,oral,palatalization,c
o: gentil hombre: de clara s,ero mancebo: gentil hombre: de clara sangre: que llaman Calisto,clara,e,yes,a,yes,20,292.3677401,5.678012394,no,stressed,3,0.15,oral,preservation,c
angre: que llaman C,de clara sangre: que llaman Calisto? MELIB.--ya ya ya.,llaman,e,yes,a,yes,16,233.8941921,5.454868843,no,stressed,9,0.5625,oral,palatalization,c
alor? poco lo puedes llamar: ,"B.--poco calor? poco lo puedes llamar: pues quedaste tu viua, e ",llamar,s,no,a,yes,18,263.1309661,5.572651878,no,unstressed,6,0.333333333,oral,palatalization,c
erza sino contra los flacos a,stra su fuerza sino contra los flacos animales. No paguen justos,flacos,s,no,a,yes,5,73.09193504,4.291718033,no,stressed,1,0.2,oral,preservation,f
 que ha vn ano en su flaqueza. ,que parece que ha vn ano en su flaqueza. E el mayor remedio que ti,flaqueza,u,no,a,yes,1,14.61838701,2.68228012,yes,unstressed,0,0,oral,preservation,f
misma entre dientes. llegada a,"o consigo misma entre dientes. llegada a su casa, hallo a Sempron",llegada,.,no,e,yes,5,73.09193504,4.291718033,no,unstressed,2,0.4,oral,palatalization,p
s van hablando hasta llegar a,daua. Ambos van hablando hasta llegar a casa de Calisto. e visto,llegar,a,yes,e,yes,15,219.2758051,5.390330322,no,unstressed,9,0.6,oral,palatalization,p
como me estoruays de llegar a,"e largas, como me estoruays de llegar adonde han de reposar mis ",llegar,e,yes,e,yes,15,219.2758051,5.390330322,no,unstressed,9,0.6,oral,palatalization,p
njera vieja. o vieja llena d,P.--o lisonjera vieja. o vieja llena de mal. o cobdiciosa e aua,llena,a,yes,e,yes,11,160.8022571,5.080175393,no,stressed,7,0.636363636,oral,palatalization,p
acelerados e supitos plazeres c,: que los acelerados e supitos plazeres crian alteracion: la mucha,plazeres,s,no,a,yes,8,116.9470961,4.761721662,no,unstressed,3,0.375,oral,preservation,p
xan. CAL.--e a essas llamas s,o los aquexan. CAL.--e a essas llamas senales de salud: pues qua,llamas,s,no,a,yes,8,116.9470961,4.761721662,no,stressed,3,0.375,oral,palatalization,c
nosotros: para poder llorar a,r huyr de nosotros: para poder llorar a su plazer con Celestina ,llorar,r,no,o,yes,21,306.9861272,5.726802558,no,unstressed,13,0.619047619,oral,palatalization,p
 su plazer c,r llorar a su plazer con Celestina de gozo: y p,plazer,r,no,o,yes,78,1140.234187,7.038988947,no,unstressed,31,0.397435897,oral,preservation,p
 estado si a dios ha plazido e,ynta de su estado si a dios ha plazido en este mundo: e algunas m,plazido,a,yes,a,yes,3,43.85516102,3.780892409,no,unstressed,3,1,oral,preservation,p
 su madre de Melibea llamada p,"ilado, fue su madre de Melibea llamada para que fuesse a visitar ",llamada,a,yes,a,yes,5,73.09193504,4.291718033,no,unstressed,4,0.8,oral,palatalization,c
 calleys; morires de plazer c," amor, que calleys; morires de plazer con esta senora, segun su ",plazer,e,yes,a,yes,78,1140.234187,7.038988947,no,unstressed,31,0.397435897,oral,preservation,p
" tanta alteracion de plazer, ","bi, senor, tanta alteracion de plazer, que qualquiera que me vie",plazer,e,yes,a,yes,78,1140.234187,7.038988947,no,unstressed,31,0.397435897,oral,preservation,p
agrauando mi osadia: llamandome h,a su yra: agrauando mi osadia: llamandome hechizera: alcahueta: viej,llamandome,:,no,a,yes,1,14.61838701,2.68228012,yes,unstressed,0,0,oral,palatalization,c
dizes: que el genero flaco d,eo lo que dizes: que el genero flaco de las hembras es mas apto,flaco,o,yes,a,yes,12,175.4206441,5.16718677,no,stressed,2,0.166666667,oral,preservation,f
"n mal haze, aborrece claridad: ","sabes quien mal haze, aborrece claridad: e yendo a mi casa podre h",claridad,e,yes,a,yes,7,102.3287091,4.628190269,no,unstressed,4,0.571428571,oral,preservation,c
"AL.--corre, Parmeno, llama a","e negar. CAL.--corre, Parmeno, llama a mi sastre: e corte luego",llama,",",no,a,yes,86,1257.181283,7.136627417,no,stressed,8,0.093023256,oral,palatalization,c
a recibio momento de plazer d,l que nunca recibio momento de plazer despues que aquella senora,plazer,e,yes,a,yes,78,1140.234187,7.038988947,no,unstressed,31,0.397435897,oral,preservation,p
odos los sentidos le llegaron: ,onoscio: todos los sentidos le llegaron: todos acorrieron a el con,llegaron,e,yes,e,yes,1,14.61838701,2.68228012,yes,unstressed,1,1,oral,palatalization,p
. el otro via que le llamauan p,n su manto. el otro via que le llamauan por nombre: e murio dende ,llamauan,e,yes,a,yes,3,43.85516102,3.780892409,no,unstressed,3,1,oral,palatalization,c
a saetas: vna lengua llena d,on que echa saetas: vna lengua llena de reproches e desuios. el,llena,a,yes,e,yes,11,160.8022571,5.080175393,no,stressed,7,0.636363636,oral,palatalization,p
donde fue mi corazon llagado: ,uerta por donde fue mi corazon llagado: e que aquel es visto haze,llagado,n,no,a,yes,3,43.85516102,3.780892409,no,unstressed,1,0.333333333,oral,palatalization,p
tays la triaca de mi llaga. ,neys y tratays la triaca de mi llaga. ya no podran empecer las ,llaga,i,no,a,yes,25,365.4596752,5.901155945,no,stressed,6,0.24,oral,palatalization,p
MP.--no afistoles tu llaga c,que yo. SEMP.--no afistoles tu llaga cargandola de mas desseo. ,llaga,u,no,a,yes,25,365.4596752,5.901155945,no,stressed,6,0.24,oral,palatalization,p
tuyo para cerrar tus llagas. ,"no por el tuyo para cerrar tus llagas. pero si yo viuo, ella bol",llagas,s,no,a,yes,3,43.85516102,3.780892409,no,stressed,0,0,oral,palatalization,p
elibea. assi que se llamara m, lleuara Melibea. assi que se llamara manzana de concordia. Pues,llamara,e,yes,a,yes,2,29.23677401,3.375427301,no,unstressed,1,0.5,oral,palatalization,c
as. rayzes: ramas: e flores p,"radas yeruas. rayzes: ramas: e flores para hazer lexias, con que",flores,e,yes,o,yes,6,87.71032204,4.47403959,no,stressed,1,0.166666667,oral,preservation,f
solo vn poco de agua clara c,u pintor. solo vn poco de agua clara con vn eburneo peyne basta,clara,a,yes,a,yes,20,292.3677401,5.678012394,no,stressed,3,0.15,oral,preservation,c
 vaya con ella tanto plazer e,"su casa: e vaya con ella tanto plazer e alegria, quanta comigo q",plazer,o,yes,a,yes,78,1140.234187,7.038988947,no,unstressed,31,0.397435897,oral,preservation,p
ina va para su casa. llama a,no. Celestina va para su casa. llama a la puerta. Elicia le vie,llama,.,no,a,yes,86,1257.181283,7.136627417,no,stressed,8,0.093023256,oral,palatalization,c
os puede faltar esta florezilla d,"nsays que os puede faltar esta florezilla de juuentud. Pues mira, am",florezilla,a,yes,o,yes,1,14.61838701,2.68228012,yes,unstressed,1,1,oral,preservation,f
mplida. PARM.--a que llamas r,"en edad complida. PARM.--a que llamas reposado, tia? CEL.--hijo,",llamas,e,yes,a,yes,8,116.9470961,4.761721662,no,stressed,3,0.375,oral,palatalization,c
 que se perdiere: no llores t,ierdase lo que se perdiere: no llores tu la fazienda que tu amo ,llores,o,yes,o,yes,4,58.47354803,4.068574482,no,stressed,2,0.5,oral,palatalization,p
: como tu con el dia claro: ,che escura: como tu con el dia claro: dezia que aquella era cap,claro,a,yes,a,yes,23,336.2229012,5.817774336,no,stressed,9,0.391304348,oral,preservation,c
nos sobre otros a su llamado. ,o venian vnos sobre otros a su llamado. no le osauan dezir mentir,llamado,u,no,a,yes,10,146.1838701,4.984865213,no,unstressed,5,0.5,oral,palatalization,c
"ieja, que ella me da plazer c","mas esta vieja, que ella me da plazer con estos loores de sus pa",plazer,a,yes,a,yes,78,1140.234187,7.038988947,no,unstressed,31,0.397435897,oral,preservation,p
"i de caualleros como clerigos, ","erida: assi de caualleros como clerigos, casados / viejos / mozos ",clerigos,o,yes,e,yes,1,14.61838701,2.68228012,yes,stressed,1,1,written,preservation,c
n vna escalera en la plaza: ,edio dia en vna escalera en la plaza: puesto vno como rocadero ,plaza,a,yes,a,yes,8,116.9470961,4.761721662,no,stressed,7,0.875,oral,preservation,p
otro es el que ha de llorar l,"r, passe. otro es el que ha de llorar las necessidades, que no t",llorar,e,yes,o,yes,21,306.9861272,5.726802558,no,unstressed,13,0.619047619,oral,palatalization,p
"U.--passo, madre. no llegues a","uelgo. AREU.--passo, madre. no llegues a mi: que me fazes coxquil",llegues,o,yes,e,yes,2,29.23677401,3.375427301,no,stressed,2,1,oral,palatalization,p
 / axiensos: humo de plumas d,oleo: ruda / axiensos: humo de plumas de perdiz: de romero / de ,plumas,e,yes,u,no,2,29.23677401,3.375427301,no,stressed,1,0.5,oral,preservation,p
lma sola ni canta ni llora. ,nda. vna alma sola ni canta ni llora. vn solo acto no haze habi,llora,i,no,o,yes,37,540.8803193,6.293198033,no,stressed,0,0,oral,palatalization,p
 buen tiempo te asi. llegate a,"e tengo. a buen tiempo te asi. llegate aca, negligente, vergonzos",llegate,.,no,e,yes,10,146.1838701,4.984865213,no,stressed,1,0.1,oral,palatalization,p
i erre aya perdon: e llegate m,.--madre si erre aya perdon: e llegate mas aca: y el haga lo que ,llegate,e,yes,e,yes,10,146.1838701,4.984865213,no,stressed,1,0.1,oral,palatalization,p
IC.--quien es? quien llama? ," ""tha"". ELIC.--quien es? quien llama? CEL.--baxame abrir, fija.",llama,n,no,a,yes,86,1257.181283,7.136627417,no,stressed,8,0.093023256,oral,palatalization,c
andar de noche es tu plazer. , venidas. andar de noche es tu plazer. porque lo hazes? que larg,plazer,u,no,a,yes,78,1140.234187,7.038988947,no,unstressed,31,0.397435897,oral,preservation,p
"ndo seas de mi edad, lloraras l","nta. e quando seas de mi edad, lloraras la folgura de agora. que l",lloraras,",",no,o,yes,3,43.85516102,3.780892409,no,unstressed,0,0,oral,palatalization,p
onsejo: ayamos mucho plazer. ,iempo el consejo: ayamos mucho plazer. mientra oy touieremos de ,plazer,o,yes,a,yes,78,1140.234187,7.038988947,no,unstressed,31,0.397435897,oral,preservation,p
o que no trocasse mi plazer p, ay ninguno que no trocasse mi plazer por sus dineros. dexemos c,plazer,i,no,a,yes,78,1140.234187,7.038988947,no,unstressed,31,0.397435897,oral,preservation,p
ue es esto que tanta claridad e,esce / o que es esto que tanta claridad esta en esta camara? AREU.,claridad,a,yes,a,yes,7,102.3287091,4.628190269,no,unstressed,4,0.571428571,oral,preservation,c
"enora, que es de dia claro: ","esto yo, senora, que es de dia claro: en ver entrar luz entre l",claro,a,yes,a,yes,23,336.2229012,5.817774336,no,stressed,9,0.391304348,oral,preservation,c
"stina. AREU.--que me plaze, ","sa de Celestina. AREU.--que me plaze, de buen grado. ve con dio",plaze,e,yes,a,yes,88,1286.418057,7.159616935,no,stressed,3,0.034090909,oral,preservation,p
 te quedes. PARM.--o plazer s,M.--a dios te quedes. PARM.--o plazer singular / o singular aleg,plazer,o,yes,a,yes,78,1140.234187,7.038988947,no,unstressed,31,0.397435897,oral,preservation,p
ion sin compania. El plazer n,a la posesion sin compania. El plazer no comunicado no es plazer,plazer,l,no,a,yes,78,1140.234187,7.038988947,no,unstressed,31,0.397435897,oral,preservation,p
o comunicado no es plazer. ,l plazer no comunicado no es plazer. Quien sentiria esta mi di,plazer,l,no,a,yes,78,1140.234187,7.038988947,no,unstressed,31,0.397435897,oral,preservation,p
"ios, no corrumpas mi plazer. ","ano: por dios, no corrumpas mi plazer. no mezcles tu yra con mi ",plazer,i,no,a,yes,78,1140.234187,7.038988947,no,unstressed,31,0.397435897,oral,preservation,p
n tan turbia agua el claro l,o agues con tan turbia agua el claro liquor del pensamiento que,claro,l,no,a,yes,23,336.2229012,5.817774336,no,stressed,9,0.391304348,oral,preservation,c
as reprehensiones mi plazer. ,os e odiosas reprehensiones mi plazer. recibeme con alegria: e c,plazer,i,no,a,yes,78,1140.234187,7.038988947,no,unstressed,31,0.397435897,oral,preservation,p
ho: que no fincar vn clauo d, mi prouecho: que no fincar vn clauo de malicia a cada palabra.,clauo,n,no,a,yes,4,58.47354803,4.068574482,no,stressed,0,0,oral,preservation,c
" lo veo, nunca venir plazer s","speriencia lo veo, nunca venir plazer sin contraria zozobra en e",plazer,r,no,a,yes,78,1140.234187,7.038988947,no,unstressed,31,0.397435897,oral,preservation,p
" alegres, serenos, e claros s","ida. a los alegres, serenos, e claros soles, nublados escuros e ",claros,e,yes,a,yes,6,87.71032204,4.47403959,no,stressed,1,0.166666667,oral,preservation,c
", nublados escuros e pluuias v","aros soles, nublados escuros e pluuias vemos suceder. a los solaz",pluuias,e,yes,u,no,1,14.61838701,2.68228012,yes,stressed,1,1,oral,palatalization,p
"der. a los solazes e plazeres, ","vemos suceder. a los solazes e plazeres, dolores e muertes los ocu",plazeres,e,yes,a,yes,8,116.9470961,4.761721662,no,unstressed,3,0.375,oral,preservation,p
"as risas e deleytes, llantos e","cupan. a las risas e deleytes, llantos e lloros e passiones morta",llantos,",",no,a,yes,1,14.61838701,2.68228012,yes,stressed,0,0,oral,palatalization,p
 lloros e, llantos e lloros e passiones mortales los s,lloros,e,yes,o,yes,1,14.61838701,2.68228012,yes,stressed,1,1,oral,palatalization,p
#NAME?,"ia? PARM.--pues que es todo el plazer que traygo, sino hauerla a",plazer,l,no,a,yes,78,1140.234187,7.038988947,no,unstressed,31,0.397435897,oral,preservation,p
 puede hablar. a que llamas h,de risa no puede hablar. a que llamas hauerla alcanzado? estaua ,llamas,e,yes,a,yes,8,116.9470961,4.761721662,no,stressed,3,0.375,oral,palatalization,c
ste. no hiziste sino llegar e,ichoso fuiste. no hiziste sino llegar e recabdar. Por esto dizen,llegar,o,yes,e,yes,15,219.2758051,5.390330322,no,unstressed,9,0.6,oral,palatalization,p
e Celestina: e si te plaze v,ara casa de Celestina: e si te plaze vamos todos alla. SEMP.--q,plaze,e,yes,a,yes,88,1286.418057,7.159616935,no,stressed,3,0.034090909,oral,preservation,p
ja e Elicia. auremos plazer. ,sta la vieja e Elicia. auremos plazer. SEMP.--o dios! e como me ,plazer,s,no,a,yes,78,1140.234187,7.038988947,no,unstressed,31,0.397435897,oral,preservation,p
"dizes, e nunca me ha llamado? ","ARM.--que dizes, e nunca me ha llamado? ni ha tenido memoria de m",llamado,a,yes,a,yes,10,146.1838701,4.984865213,no,unstressed,5,0.5,oral,palatalization,c
anco? PARM.--en casa llena p,riado e franco? PARM.--en casa llena presto se adereza cena. de,llena,a,yes,e,yes,11,160.8022571,5.080175393,no,stressed,7,0.636363636,oral,palatalization,p
 Melibea: e veras la claridad: , vn poco a Melibea: e veras la claridad: que con la mucha que en s,claridad,a,yes,a,yes,7,102.3287091,4.628190269,no,unstressed,4,0.571428571,oral,preservation,c
"razon, hazen parecer claros m","didos por razon, hazen parecer claros mis consejos. Quisieras tu",claros,r,no,a,yes,6,87.71032204,4.47403959,no,stressed,1,0.166666667,oral,preservation,c
iera mercaduria a la plaza: ,tra qualquiera mercaduria a la plaza: en que no houiera mas tra,plaza,a,yes,a,yes,8,116.9470961,4.761721662,no,stressed,7,0.875,oral,preservation,p
uiera mas trabajo de llegar e," que no houiera mas trabajo de llegar e pagalla. Da, senor, aliu",llegar,e,yes,e,yes,15,219.2758051,5.390330322,no,unstressed,9,0.6,oral,palatalization,p
iuas e enciendes las flamas q,que mas auiuas e enciendes las flamas que me consumen. Yo me voy,flamas,s,no,a,yes,1,14.61838701,2.68228012,yes,stressed,0,0,oral,palatalization,f
" a casa fasta que me llameys, ","no tornare a casa fasta que me llameys, pidiendome las albricias ",llameys,e,yes,a,yes,1,14.61838701,2.68228012,yes,unstressed,1,1,oral,palatalization,c
", entre si hablando. llegados a"," Celestina, entre si hablando. llegados alla, hallan a Elicia e Ar",llegados,.,no,e,yes,2,29.23677401,3.375427301,no,unstressed,0,0,oral,palatalization,p
", criada de Melibea, llamar a","e Lucrecia, criada de Melibea, llamar a Celestina, que vaya a es",llamar,",",no,a,yes,18,263.1309661,5.572651878,no,unstressed,6,0.333333333,oral,palatalization,c
l mejor / e como les llaman p,ion: e qual mejor / e como les llaman por nombre: porque quando ,llaman,s,no,a,yes,16,233.8941921,5.454868843,no,stressed,9,0.5625,oral,palatalization,c
uerta. en casa esta. llama a,"ierta su puerta. en casa esta. llama antes que entres, que por ",llama,.,no,a,yes,86,1257.181283,7.136627417,no,stressed,8,0.093023256,oral,palatalization,c
raje al couarde / al floxo d,orido / coraje al couarde / al floxo diligencia / conforta los ,floxo,l,no,o,yes,3,43.85516102,3.780892409,no,stressed,0,0,written,preservation,f
"po, de asco de oyrte llamar a","en el cuerpo, de asco de oyrte llamar aquella gentil. Mirad quie",llamar,e,yes,a,yes,18,263.1309661,5.572651878,no,unstressed,6,0.333333333,oral,palatalization,c
reo que le tiene tan floxo c,"lo otro, creo que le tiene tan floxo como vieja de cincuenta an",floxo,n,no,o,yes,3,43.85516102,3.780892409,no,stressed,0,0,written,preservation,f
 no hagas agora esse plazer a,", a comer. no hagas agora esse plazer a estos locos porfiados: s",plazer,e,yes,a,yes,78,1140.234187,7.038988947,no,unstressed,31,0.397435897,oral,preservation,p
i beuen: ni rien: ni lloran: ,i comen: ni beuen: ni rien: ni lloran: ni duermen: ni velan: ni ,lloran,i,no,o,yes,8,116.9470961,4.761721662,no,stressed,0,0,oral,palatalization,p
quella dulce e fiera llaga d,xidad de aquella dulce e fiera llaga de sus corazones. E si alg,llaga,a,yes,a,yes,25,365.4596752,5.901155945,no,stressed,6,0.24,oral,palatalization,p
"--madre, a la puerta llaman: ","esa. ELIC.--madre, a la puerta llaman: el solaz es derramado. CE",llaman,a,yes,a,yes,16,233.8941921,5.454868843,no,stressed,9,0.5625,oral,palatalization,c
e jamas me precie de llamarme d,onocer: que jamas me precie de llamarme de otrie: sino mia: mayorm,llamarme,e,yes,a,yes,2,29.23677401,3.375427301,no,unstressed,2,1,oral,palatalization,c
"cia? quien perdio el plato, ","e esto, necia? quien perdio el plato, desalinada? como falto el",plato,l,no,a,yes,1,14.61838701,2.68228012,yes,stressed,0,0,oral,preservation,p
 pueda sofrillas. su plazer e,. no quien pueda sofrillas. su plazer es dar bozes. su gloria es,plazer,u,no,a,yes,78,1140.234187,7.038988947,no,unstressed,31,0.397435897,oral,preservation,p
az: que toda la casa llena d, pan con paz: que toda la casa llena de viandas con renzilla. m,llena,a,yes,e,yes,11,160.8022571,5.080175393,no,stressed,7,0.636363636,oral,palatalization,p
" sus alcaduzes: vnos llenos, ","eda: rodee sus alcaduzes: vnos llenos, otros vazios. Ley es de f",llenos,s,no,e,yes,4,58.47354803,4.068574482,no,stressed,1,0.25,oral,palatalization,p
us grados. Mi honrra llego a,"do tiene sus grados. Mi honrra llego a la cumbre, segun quien y",llego,a,yes,e,yes,6,87.71032204,4.47403959,no,stressed,4,0.666666667,oral,palatalization,p
obi: para decender / floresci /,n se que sobi: para decender / floresci / para secarme / goze / pa,floresci,/,no,o,yes,1,14.61838701,2.68228012,yes,unstressed,0,0,oral,preservation,f
 a derechas. Vnos me llamauan s,dezia cosa a derechas. Vnos me llamauan senora: otros tia: otros e,llamauan,e,yes,a,yes,3,43.85516102,3.780892409,no,unstressed,3,1,oral,palatalization,c
me hablauan: como la clerezia e,"otros que me hablauan: como la clerezia era grande, hauia de todos",clerezia,a,yes,e,yes,1,14.61838701,2.68228012,yes,unstressed,1,1,written,preservation,c
nassen: e apenas era llegada a," me acompanassen: e apenas era llegada a mi casa, quando entrauan",llegada,a,yes,e,yes,5,73.09193504,4.291718033,no,unstressed,2,0.4,oral,palatalization,p
omos venidas a hauer plazer: ,"os, pues somos venidas a hauer plazer: no llores, madre, ni te f",plazer,r,no,a,yes,78,1140.234187,7.038988947,no,unstressed,31,0.397435897,oral,preservation,p
"no llores, ","r plazer: no llores, madre, ni te fatigues: qu",llores,r,no,a,yes,4,58.47354803,4.068574482,no,stressed,2,0.5,oral,palatalization,p
"rto tengo, hija, que llorar: ",". CEL.--harto tengo, hija, que llorar: acordandome a tan alegre ",llorar,e,yes,o,yes,21,306.9861272,5.726802558,no,unstressed,13,0.619047619,oral,palatalization,p
ue nos has sacado el plazer d,i agora: que nos has sacado el plazer dentre las manos. Alcese l,plazer,l,no,a,yes,78,1140.234187,7.038988947,no,unstressed,31,0.397435897,oral,preservation,p
uerza a descobrir mi llaga: ,enir por fuerza a descobrir mi llaga: quando no me sea agradeci,llaga,i,no,a,yes,25,365.4596752,5.901155945,no,stressed,6,0.24,oral,palatalization,p
odos los atribulados llaman. ,a ti que todos los atribulados llaman. los apassionados piden re,llaman,s,no,a,yes,16,233.8941921,5.454868843,no,stressed,9,0.5625,oral,palatalization,c
s piden remedio. los llagados m,passionados piden remedio. los llagados medicina. a ti que los cie,llagados,s,no,a,yes,1,14.61838701,2.68228012,yes,unstressed,0,0,oral,palatalization,p
a. Mejor crescen las plantas q,a la melena. Mejor crescen las plantas que tiernas e nueuas se tr,plantas,s,no,a,yes,3,43.85516102,3.780892409,no,stressed,0,0,oral,preservation,p
ncio tregua entre tu llaga e,o: el silencio tregua entre tu llaga e mi melezina. assi que se,llaga,u,no,a,yes,25,365.4596752,5.901155945,no,stressed,6,0.24,oral,palatalization,p
ntos que lastiman lo llagado: ,asperos puntos que lastiman lo llagado: doblan la passion: que no,llagado,o,yes,a,yes,3,43.85516102,3.780892409,no,unstressed,1,0.333333333,oral,palatalization,p
tigua maestra destas llagas. ,ar a la antigua maestra destas llagas. MELIB.--o como me muero c,llagas,s,no,a,yes,3,43.85516102,3.780892409,no,stressed,0,0,oral,palatalization,p
os zurujanos que los flacos c,los animosos zurujanos que los flacos corazones: los quales con ,flacos,s,no,a,yes,5,73.09193504,4.291718033,no,stressed,1,0.2,oral,preservation,f
"nde se puede conocer claro,""","ja. por donde se puede conocer claro,"" lo que yo digo es que es",claro,r,no,a,yes,23,336.2229012,5.817774336,no,stressed,9,0.391304348,oral,preservation,c
necessario traer mas clara m,odavia es necessario traer mas clara melezina: e mas saludable ,clara,s,no,a,yes,20,292.3677401,5.678012394,no,stressed,3,0.15,oral,preservation,c
abajo es perdido: tu llaga e,nuestro trabajo es perdido: tu llaga es grande: tiene necessida,llaga,u,no,a,yes,25,365.4596752,5.901155945,no,stressed,6,0.24,oral,palatalization,p
lestia se cura: e vn clauo c,sto sin molestia se cura: e vn clauo con otro se espele: e vn d,clauo,n,no,a,yes,4,58.47354803,4.068574482,no,stressed,0,0,oral,preservation,c
"ible aguja, que, sin llegar a","esta inuisible aguja, que, sin llegar a ti, sientes en solo ment",llegar,n,no,e,yes,15,219.2758051,5.390330322,no,unstressed,9,0.6,oral,palatalization,p
LIB.--como dizes que llaman a, curar. MELIB.--como dizes que llaman a este mi dolor? que assi ,llaman,e,yes,a,yes,16,233.8941921,5.454868843,no,stressed,9,0.5625,oral,palatalization,c
ndido. vna agradable llaga. ,fuego escondido. vna agradable llaga. vn sabroso veneno. vna du,llaga,e,yes,a,yes,25,365.4596752,5.901155945,no,stressed,6,0.24,oral,palatalization,p
o el alto dios da la llaga: , que quando el alto dios da la llaga: tras ella embia el remedi,llaga,a,yes,a,yes,25,365.4596752,5.901155945,no,stressed,6,0.24,oral,palatalization,p
al mundo nascida vna flor q,que se yo al mundo nascida vna flor que de todo esto te delibr,flor,a,yes,o,yes,16,233.8941921,5.454868843,no,stressed,2,0.125,oral,preservation,f
bre. MELIB.--como se llama? ,to te delibre. MELIB.--como se llama? CEL.--no te lo oso dezir.,llama,e,yes,a,yes,86,1257.181283,7.136627417,no,stressed,8,0.093023256,oral,palatalization,c
lor alegre? abre tus claros o,"s de tu color alegre? abre tus claros ojos. Lucrecia, Lucrecia: ",claros,s,no,a,yes,6,87.71032204,4.47403959,no,stressed,1,0.166666667,oral,preservation,c
do han tus puntos mi llaga: ,gre. cerrado han tus puntos mi llaga: venida soy en tu querer. ,llaga,i,no,a,yes,25,365.4596752,5.901155945,no,stressed,6,0.24,oral,palatalization,p
ora tengo sentida tu llaga: ,ntes de agora tengo sentida tu llaga: e calado tu desseo: hame ,llaga,u,no,a,yes,25,365.4596752,5.901155945,no,stressed,6,0.24,oral,palatalization,p
emaua: tanto mas sus llamas s, que te quemaua: tanto mas sus llamas se manifestauan / en la co,llamas,s,no,a,yes,8,116.9470961,4.761721662,no,stressed,3,0.375,oral,palatalization,f
as manos senales muy claras d,de entre las manos senales muy claras de pena. pero como en los ,claras,y,no,a,yes,4,58.47354803,4.068574482,no,stressed,0,0,oral,preservation,c
a: ni la recibas con plazer. ,n su venida: ni la recibas con plazer. halle en ti onestidad en ,plazer,n,no,a,yes,78,1140.234187,7.038988947,no,unstressed,31,0.397435897,oral,preservation,p
to. va para su casa. llama a,a de Calisto. va para su casa. llama a la puerta. Elicia le vie,llama,.,no,a,yes,86,1257.181283,7.136627417,no,stressed,8,0.093023256,oral,palatalization,c
"A. CEL.--Ay dios, si llegasse a","ENO. ELICIA. CEL.--Ay dios, si llegasse a mi casa con mi mucha ale",llegasse,i,no,e,yes,2,29.23677401,3.375427301,no,unstressed,0,0,oral,palatalization,p
s: que al muy deuoto llaman y," en lenguas: que al muy deuoto llaman ypocrita: que diran, sino ",llaman,o,yes,a,yes,16,233.8941921,5.454868843,no,stressed,9,0.5625,oral,palatalization,c
 PARM.--cadenilla la llama? ,"i alegria. PARM.--cadenilla la llama? no lo oyes, Sempronio? no",llama,a,yes,a,yes,86,1257.181283,7.136627417,no,stressed,8,0.093023256,oral,palatalization,c
"or Calisto, para tan flaca v"," CEL.--senor Calisto, para tan flaca vieja como yo: mucha franq",flaca,n,no,a,yes,13,190.0390311,5.247229478,no,stressed,5,0.384615385,oral,preservation,f
 la suya. Melibea se llama t,ona que en la suya. Melibea se llama tuya: e esto tiene por tit,llama,e,yes,a,yes,86,1257.181283,7.136627417,no,stressed,8,0.093023256,oral,palatalization,c
del mundo. Que haria llanas l,ado galan del mundo. Que haria llanas las penas para andar: que ,llanas,a,yes,a,yes,1,14.61838701,2.68228012,yes,stressed,1,1,oral,palatalization,p
"a, tha. ELIC.--quien llama? ",". CEL.--tha, tha. ELIC.--quien llama? CEL.--abre, hija Elicia. ",llama,n,no,a,yes,86,1257.181283,7.136627417,no,stressed,8,0.093023256,oral,palatalization,c
s sano: que anda por llano. ,quel va mas sano: que anda por llano. Mas quiero ensuziar mis z,llano,r,no,a,yes,3,43.85516102,3.780892409,no,stressed,0,0,oral,palatalization,p
le primero Lucrecia. llama a,sto. Hablale primero Lucrecia. llama a Melibea. Apartase Lucrec,llama,.,no,a,yes,86,1257.181283,7.136627417,no,stressed,8,0.093023256,oral,palatalization,c
"la calle, despierta. llama a"," hauia en la calle, despierta. llama a su muger Alisa. Pregunta",llama,.,no,a,yes,86,1257.181283,7.136627417,no,stressed,8,0.093023256,oral,palatalization,c
 CAL.--a buen tiempo llegamos. ,"a estamos. CAL.--a buen tiempo llegamos. Parate tu, Parmeno, a ver",llegamos,o,yes,e,yes,2,29.23677401,3.375427301,no,unstressed,2,1,oral,palatalization,p
a prouidencia. Yo me llego a,"por mi mala prouidencia. Yo me llego alla, quedaos vosotros en ",llego,e,yes,e,yes,6,87.71032204,4.47403959,no,stressed,4,0.666666667,oral,palatalization,p
 amo quiere: y jamas lloraras d,ro como tu amo quiere: y jamas lloraras duelos agenos. No tomes en,lloraras,s,no,o,yes,3,43.85516102,3.780892409,no,unstressed,0,0,oral,palatalization,p
gas esse bollicio de plazer. ,tes: ni hagas esse bollicio de plazer. que daras causa a que sea,plazer,e,yes,a,yes,78,1140.234187,7.038988947,no,unstressed,31,0.397435897,oral,preservation,p
isto es esta; quiero llegar. ,voz de Calisto es esta; quiero llegar. quien habla? quien esta f,llegar,o,yes,e,yes,15,219.2758051,5.390330322,no,unstressed,9,0.6,oral,palatalization,p
"do. LUCR.--porque no llegas, ","r tu mandado. LUCR.--porque no llegas, senora? llega sin temor a",llegas,o,yes,e,yes,3,43.85516102,3.780892409,no,stressed,1,0.333333333,oral,palatalization,p
senora? llega s,"o llegas, senora? llega sin temor aca: que aquel c",llega,o,yes,e,yes,49,716.3009634,6.574100419,no,stressed,3,0.06122449,oral,palatalization,p
e venir que passe de claro e,nguna puede venir que passe de claro en claro la fuerza de su m,claro,e,yes,a,yes,23,336.2229012,5.817774336,no,stressed,9,0.391304348,oral,preservation,c
n claro l,de claro en claro la fuerza de su muro. Pero,claro,e,yes,a,yes,23,336.2229012,5.817774336,no,stressed,9,0.391304348,oral,preservation,c
 desta que tiene las llaues d,mesma boca desta que tiene las llaues de mi perdicion e gloria. ,llaues,s,no,a,yes,2,29.23677401,3.375427301,no,stressed,0,0,oral,palatalization,c
 falsarios? quien es claro e,e no moran falsarios? quien es claro enemigo? quien es verdader,claro,s,no,a,yes,23,336.2229012,5.817774336,no,stressed,9,0.391304348,oral,preservation,c
ra lo dissimular. Tu lloras d,"is ojos para lo dissimular. Tu lloras de tristeza, juzgandome cr",lloras,u,no,o,yes,4,58.47354803,4.068574482,no,stressed,2,0.5,oral,palatalization,p
juzgandome cruel: yo lloro d,"tristeza, juzgandome cruel: yo lloro de plazer, viendote tan fi",lloro,o,yes,o,yes,13,190.0390311,5.247229478,no,stressed,5,0.384615385,oral,palatalization,p
"e plazer, ","yo lloro de plazer, viendote tan fiel. O mi s",plazer,o,yes,o,yes,78,1140.234187,7.038988947,no,unstressed,31,0.397435897,oral,preservation,p
en querer que vn tan flaco e,do hazer: en querer que vn tan flaco e indigno hombre pueda goz,flaco,n,no,a,yes,12,175.4206441,5.16718677,no,stressed,2,0.166666667,oral,preservation,f
lustrantes de tu muy claro g,os rayos ylustrantes de tu muy claro gesto dieron luz en mis oj,claro,y,no,a,yes,23,336.2229012,5.817774336,no,stressed,9,0.391304348,oral,preservation,c
ertes cerrojos e mis flacas f,: e sus fuertes cerrojos e mis flacas fuerzas. que ni tu estaria,flacas,s,no,a,yes,4,58.47354803,4.068574482,no,stressed,1,0.25,oral,preservation,f
"ora mia, permite que llame a"," dios, senora mia, permite que llame a mis criados para que las",llame,e,yes,a,yes,6,87.71032204,4.47403959,no,stressed,4,0.666666667,oral,palatalization,c
mi bien todo: porque llamas y, senora e mi bien todo: porque llamas yerro aquello que por los ,llamas,e,yes,a,yes,8,116.9470961,4.761721662,no,stressed,3,0.375,oral,palatalization,c
" hermano, como esto, plazer h","e viesses, hermano, como esto, plazer haurias: a medio lado: abi",plazer,",",no,a,yes,78,1140.234187,7.038988947,no,unstressed,31,0.397435897,oral,preservation,p
"""e al mesonero de la plaza: ","nt Miguel ""e al mesonero de la plaza: e a Mollejar el ortelano?",plaza,a,yes,a,yes,8,116.9470961,4.761721662,no,stressed,7,0.875,oral,preservation,p
tal cosa. pero mucho plazer t,se cometa tal cosa. pero mucho plazer tengo que de tan fiel gent,plazer,o,yes,a,yes,78,1140.234187,7.038988947,no,unstressed,31,0.397435897,oral,preservation,p
B.--no te oye; yo la llamare m,libea. PLEB.--no te oye; yo la llamare mas rezio. Hija mia Melibe,llamare,a,yes,a,yes,2,29.23677401,3.375427301,no,unstressed,1,0.5,oral,palatalization,c
abrenos. CEL.--quien llama? ,"elestina: abrenos. CEL.--quien llama? SEMP.--abre, que son tus ",llama,n,no,a,yes,86,1257.181283,7.136627417,no,stressed,8,0.093023256,oral,palatalization,c
s yras: no contra mi flaca r,"ra vuestras yras: no contra mi flaca rueca. ""senal es de gran c",flaca,i,no,a,yes,13,190.0390311,5.247229478,no,stressed,5,0.384615385,oral,preservation,f
 los bueyes magros e flacos. ,pican sino los bueyes magros e flacos. Los guzques ladradores: a,flacos,e,yes,a,yes,5,73.09193504,4.291718033,no,stressed,1,0.2,oral,preservation,f
querays que salgan a plaza l, seso. No querays que salgan a plaza las cosas de Calisto e vue,plaza,a,yes,a,yes,8,116.9470961,4.761721662,no,stressed,7,0.875,oral,preservation,p
. Dende vn poco esta llamando a,sigo mismo. Dende vn poco esta llamando a Tristan e a otros sus cr,llamando,a,yes,a,yes,2,29.23677401,3.375427301,no,unstressed,1,0.5,oral,palatalization,c
 puerta. Viene Sosia llorando. ,"istan a la puerta. Viene Sosia llorando. Preguntado de Tristan, So",llorando,a,yes,o,yes,7,102.3287091,4.628190269,no,unstressed,3,0.428571429,oral,palatalization,p
 he dormido tan a mi plazer: ,L.--O como he dormido tan a mi plazer: despues de aquel azucarad,plazer,i,no,a,yes,78,1140.234187,7.038988947,no,unstressed,31,0.397435897,oral,preservation,p
rmir / o la gloria e plazer d,i mucho dormir / o la gloria e plazer del animo: e no me marauil,plazer,e,yes,a,yes,78,1140.234187,7.038988947,no,unstressed,31,0.397435897,oral,preservation,p
ho. Quiero mandarlos llamar: ,gund derecho. Quiero mandarlos llamar: para mas confirmar mi goz,llamar,s,no,a,yes,18,263.1309661,5.572651878,no,unstressed,6,0.333333333,oral,palatalization,c
" estoy. CAL.--corre, llamame a"," leuantado estoy. CAL.--corre, llamame a Sempronio e a Parmeno. T",llamame,",",no,a,yes,1,14.61838701,2.68228012,yes,stressed,0,0,oral,palatalization,c
: de tu grado. venza plazer a, tu senora: de tu grado. venza plazer al cuydado: e no le vea: p,plazer,a,yes,a,yes,78,1140.234187,7.038988947,no,unstressed,31,0.397435897,oral,preservation,p
do. Parece que viene llorando: ," hara cuerdo. Parece que viene llorando: que es esto, Sosia? porqu",llorando,e,yes,o,yes,7,102.3287091,4.628190269,no,unstressed,3,0.428571429,oral,palatalization,p
" esto, Sosia? porque lloras? ","do: que es esto, Sosia? porque lloras? de do vienes? SOS.--o mal",lloras,e,yes,o,yes,4,58.47354803,4.068574482,no,stressed,2,0.5,oral,palatalization,p
dan degollados en la plaza. ,.--que quedan degollados en la plaza. TRIST.--o mala fortuna nu,plaza,a,yes,a,yes,8,116.9470961,4.761721662,no,stressed,7,0.875,oral,preservation,p
o me sintio: que con lloro l,ultad: como me sintio: que con lloro le miraua: hinco los ojos ,lloro,n,no,o,yes,13,190.0390311,5.247229478,no,stressed,5,0.384615385,oral,palatalization,p
 Calisto. e pues tan claras s,a presente Calisto. e pues tan claras senas traes deste cruel do,claras,n,no,a,yes,4,58.47354803,4.068574482,no,stressed,0,0,oral,preservation,c
n descabezados en la plaza: ,meno quedan descabezados en la plaza: como publicos malhechores,plaza,a,yes,a,yes,8,116.9470961,4.761721662,no,stressed,7,0.875,oral,preservation,p
despidieron. como se llamaua e, de mi se despidieron. como se llamaua el muerto? SOS.--senor vna,llamaua,e,yes,a,yes,6,87.71032204,4.47403959,no,unstressed,3,0.5,oral,palatalization,c
vna muger era que se llamaua C,S.--senor vna muger era que se llamaua Celestina. CAL.--que me di,llamaua,e,yes,a,yes,6,87.71032204,4.47403959,no,unstressed,3,0.5,oral,palatalization,c
"ynta estocadas la vi llagada, ","mas de treynta estocadas la vi llagada, tendida en su casa: llora",llagada,i,no,a,yes,2,29.23677401,3.375427301,no,unstressed,1,0.5,oral,palatalization,p
tendida en su casa: llorandola v," llagada, tendida en su casa: llorandola vna su criada. CAL.--o tri",llorandola,:,no,o,yes,1,14.61838701,2.68228012,yes,unstressed,0,0,oral,palatalization,p
ara magullada: todos llenos d,os: e la cara magullada: todos llenos de sangre: que saltaron de,llenos,s,no,e,yes,4,58.47354803,4.068574482,no,stressed,1,0.25,oral,palatalization,p
en siento mi honrra: pluguiera a,"pues yo bien siento mi honrra: pluguiera a dios que fuera yo ellos,",pluguiera,:,no,u,no,2,29.23677401,3.375427301,no,unstressed,0,0,oral,preservation,p
icos andares por las plazas e, quan publicos andares por las plazas e mercados. Que sera de mi,plazas,s,no,a,yes,1,14.61838701,2.68228012,yes,stressed,0,0,oral,preservation,p
" criada dando vozes, llorando s","aquella su criada dando vozes, llorando su muerte, la publicaua a ",llorando,",",no,o,yes,7,102.3287091,4.628190269,no,unstressed,3,0.428571429,oral,palatalization,p
a el corazon rezio o flaco. ,s se prueua el corazon rezio o flaco. no ay mejor toque para co,flaco,o,yes,a,yes,12,175.4206441,5.16718677,no,stressed,2,0.166666667,oral,preservation,f
e venir al prometido plazo e,voluntad de venir al prometido plazo en la forma que los tales ,plazo,o,yes,a,yes,1,14.61838701,2.68228012,yes,stressed,1,1,oral,preservation,p
ntos me acarrean: no plega a,ymaginamientos me acarrean: no plega a dios que ninguna destas ,plega,o,yes,e,yes,1,14.61838701,2.68228012,yes,stressed,1,1,oral,preservation,p
antes este quanto le plazera s,"osas sea: antes este quanto le plazera sin verme."" mas escucha: q",plazera,e,yes,a,yes,2,29.23677401,3.375427301,no,unstressed,1,0.5,oral,preservation,p
a tanta turbacion de plazer: , mi persona tanta turbacion de plazer: que me haze no sentir tod,plazer,e,yes,a,yes,78,1140.234187,7.038988947,no,unstressed,31,0.397435897,oral,preservation,p
o gozo: que es ver e llegar a,e lo que yo gozo: que es ver e llegar a tu persona: no pidas ni ,llegar,e,yes,e,yes,15,219.2758051,5.390330322,no,unstressed,9,0.6,oral,palatalization,p
ecer: agora gozan de llegar a,e poco merecer: agora gozan de llegar a tu gentil cuerpo: e lind,llegar,e,yes,e,yes,15,219.2758051,5.390330322,no,unstressed,9,0.6,oral,palatalization,p
ue creer que aquella lloradera m,bien se deue creer que aquella lloradera moza: que Celestina tenia ,lloradera,a,yes,o,yes,1,14.61838701,2.68228012,yes,unstressed,1,1,oral,palatalization,p
riessa con su triste llanto. ,io rezia priessa con su triste llanto. E el por no hazer bullici,llanto,e,yes,a,yes,6,87.71032204,4.47403959,no,stressed,2,0.333333333,oral,palatalization,p
ra: con el rescebido plazer. ,lor ygualara: con el rescebido plazer. O mi senora e mi vida: qu,plazer,o,yes,a,yes,78,1140.234187,7.038988947,no,unstressed,31,0.397435897,oral,preservation,p
ntre aquellas suaues plantas: ,vergel / entre aquellas suaues plantas: y fresca verdura. O noche,plantas,s,no,a,yes,3,43.85516102,3.780892409,no,stressed,0,0,oral,preservation,p
o celestial / de los planetas y, firmamento celestial / de los planetas y norte / de los crescimie,planetas,s,no,a,yes,1,14.61838701,2.68228012,yes,unstressed,0,0,written,preservation,p
rtate alla senor. no llegues a, aquel apartate alla senor. no llegues a mi / aquel no seas desco,llegues,o,yes,e,yes,2,29.23677401,3.375427301,no,stressed,2,1,oral,palatalization,p
nderme: aquel huyr e llegarse: ,arme e prenderme: aquel huyr e llegarse: aquellos azucarados besos,llegarse,e,yes,e,yes,2,29.23677401,3.375427301,no,unstressed,1,0.5,oral,palatalization,p
le cayan de aquellos claros e,sentir se le cayan de aquellos claros e resplandescientes ojos. ,claros,s,no,a,yes,6,87.71032204,4.47403959,no,stressed,1,0.166666667,oral,preservation,c
la tarde e no nos ha llamado: ,quatro de la tarde e no nos ha llamado: ni ha comido. TRIST.--cal,llamado,a,yes,a,yes,10,146.1838701,4.984865213,no,unstressed,5,0.5,oral,palatalization,c
e alegra el muy gran plazer: ,por otra le alegra el muy gran plazer: de lo que con su Melibea ,plazer,n,no,a,yes,78,1140.234187,7.038988947,no,unstressed,31,0.397435897,oral,preservation,p
s que tal pararan vn flaco s,arios veras que tal pararan vn flaco subjecto: donde estuuieren,flaco,n,no,a,yes,12,175.4206441,5.16718677,no,stressed,2,0.166666667,oral,preservation,f
sin grande escote: e llamase A,or amiga: sin grande escote: e llamase Areusa. por la qual se yo ,llamase,e,yes,a,yes,1,14.61838701,2.68228012,yes,unstressed,1,1,oral,palatalization,c
las: e avn que no le plaze a, noches malas: e avn que no le plaze a ella con su muerte. ARGU,plaze,e,yes,a,yes,88,1286.418057,7.159616935,no,stressed,3,0.034090909,oral,preservation,p
uriosas: a vn rufian llamado C,labras injuriosas: a vn rufian llamado Centurio el qual se despid,llamado,n,no,a,yes,10,146.1838701,4.984865213,no,unstressed,5,0.5,oral,palatalization,c
l mensaje se ganan / llore /,que por tal mensaje se ganan / llore / llore / vierta lagrimas:,llore,/,no,o,yes,9,131.5654831,4.879504698,no,stressed,2,0.222222222,oral,palatalization,p
 llore /, / llore / llore / vierta lagrimas: pues no,llore,/,no,o,yes,9,131.5654831,4.879504698,no,stressed,2,0.222222222,oral,palatalization,p
mbres a cada rincon: plazeme q,n tales hombres a cada rincon: plazeme que assi lo siente: messe ,plazeme,:,no,a,yes,4,58.47354803,4.068574482,no,stressed,0,0,oral,preservation,p
 yo me ensano alguna llorara: ,a: pues si yo me ensano alguna llorara: mas quiero yrme e zofrirt,llorara,a,yes,o,yes,4,58.47354803,4.068574482,no,unstressed,1,0.25,oral,palatalization,p
ue no es son de buen llanto: , entrar: que no es son de buen llanto: donde ay amenazas e denue,llanto,n,no,a,yes,6,87.71032204,4.47403959,no,stressed,2,0.333333333,oral,palatalization,p
uas dignas de mortal lloro /,orosas nueuas dignas de mortal lloro / o acelerados desastres o,lloro,l,no,o,yes,13,190.0390311,5.247229478,no,stressed,5,0.384615385,oral,palatalization,p
tu tanto que cegaras llorando: , fatigues tu tanto que cegaras llorando: que creo que poca ventaja,llorando,s,no,o,yes,7,102.3287091,4.628190269,no,unstressed,3,0.428571429,oral,palatalization,p
rtan vuestros dulces plazeres: , se conuiertan vuestros dulces plazeres: tornese lloro vuestra glo,plazeres,s,no,a,yes,8,116.9470961,4.761721662,no,unstressed,3,0.375,oral,preservation,p
tornese lloro v,plazeres: tornese lloro vuestra gloria trabajo vue,lloro,e,yes,o,yes,13,190.0390311,5.247229478,no,stressed,5,0.384615385,oral,palatalization,p
antares se os tornen lloro: ,ras: los cantares se os tornen lloro: los sombrosos arboles del,lloro,n,no,o,yes,13,190.0390311,5.247229478,no,stressed,5,0.384615385,oral,palatalization,p
n vuestra vista: sus flores o, sequen con vuestra vista: sus flores olorosas se tornen de negr,flores,s,no,o,yes,6,87.71032204,4.47403959,no,stressed,1,0.166666667,oral,preservation,f
todo carga sobre mi: pluguiera a,haga: que todo carga sobre mi: pluguiera a dios que fuera yo con el,pluguiera,:,no,u,no,2,29.23677401,3.375427301,no,unstressed,0,0,oral,preservation,p
s: e no quedara para llorar a,o con ellos: e no quedara para llorar a todos: y de lo que mas d,llorar,a,yes,o,yes,21,306.9861272,5.726802558,no,unstressed,13,0.619047619,oral,palatalization,p
azo: con que Melibea llore: ,armar vn lazo: con que Melibea llore: quanto agora goza. ELIC.-,llore,a,yes,o,yes,9,131.5654831,4.879504698,no,stressed,2,0.222222222,oral,palatalization,p
o de cauallos que se llama S,rmeno: mozo de cauallos que se llama Sosia: que le acompana cad,llama,e,yes,a,yes,86,1257.181283,7.136627417,no,stressed,8,0.093023256,oral,palatalization,c
REU.--mas hazme este plazer: ,e dizes. AREU.--mas hazme este plazer: que me embies aca esse So,plazer,e,yes,a,yes,78,1140.234187,7.038988947,no,unstressed,31,0.397435897,oral,preservation,p
amo hare reuessar el plazer c,l: e a su amo hare reuessar el plazer comido. E tu Elicia alma m,plazer,l,no,a,yes,78,1140.234187,7.038988947,no,unstressed,31,0.397435897,oral,preservation,p
 la alegre memoria e plazeres p, se pierde la alegre memoria e plazeres perdidos del passado: de v,plazeres,e,yes,a,yes,8,116.9470961,4.761721662,no,unstressed,3,0.375,oral,preservation,p
hombre tiene: que da plazer l,de lo que hombre tiene: que da plazer la esperanza de otro tal: ,plazer,a,yes,a,yes,78,1140.234187,7.038988947,no,unstressed,31,0.397435897,oral,preservation,p
que creo: que avnque llame e,IC.--cata que creo: que avnque llame el que mandas: no haura ef,llame,e,yes,a,yes,6,87.71032204,4.47403959,no,stressed,4,0.666666667,oral,palatalization,c
atura esto vemos muy claro s,s: segun natura esto vemos muy claro si miramos nuestros yguale,claro,y,no,a,yes,23,336.2229012,5.817774336,no,stressed,9,0.391304348,oral,preservation,c
"quando auemos de ser llamados, ","inciertos quando auemos de ser llamados, viendo tan ciertas senale",llamados,r,no,a,yes,3,43.85516102,3.780892409,no,unstressed,0,0,oral,palatalization,c
 quien apartarme mis plazeres? ,mi gloria? quien apartarme mis plazeres? Calisto es mi anima / mi ,plazeres,s,no,a,yes,8,116.9470961,4.761721662,no,unstressed,3,0.375,oral,preservation,p
"mar, aquello sera su plazer: ","daremos tomar, aquello sera su plazer: aquello aura por bueno: q",plazer,u,no,a,yes,78,1140.234187,7.038988947,no,unstressed,31,0.397435897,oral,preservation,p
en nasciendo hazemos llorar: ,ficio que en nasciendo hazemos llorar: no me marauilla ser mas l,llorar,s,no,o,yes,21,306.9861272,5.726802558,no,unstressed,13,0.619047619,oral,palatalization,p
radas / mis ropas de plazer. ,gueras labradas / mis ropas de plazer. quiero aderezar lexia par,plazer,e,yes,a,yes,78,1140.234187,7.038988947,no,unstressed,31,0.397435897,oral,preservation,p
 alla hombre; quiero llamar. ,deue estar alla hombre; quiero llamar. tha. tha. AREU.--quien es,llamar,o,yes,a,yes,18,263.1309661,5.572651878,no,unstressed,6,0.333333333,oral,palatalization,c
veate dios que tanto plazer m,mana mia: veate dios que tanto plazer me hazes en venir:como vie,plazer,o,yes,a,yes,78,1140.234187,7.038988947,no,unstressed,31,0.397435897,oral,preservation,p
. ELIC.--a tu puerta llaman: , como a ti. ELIC.--a tu puerta llaman: poco espacio nos dan para,llaman,a,yes,a,yes,16,233.8941921,5.454868843,no,stressed,9,0.5625,oral,palatalization,c
co / o priuado quien llama. ,ue o es loco / o priuado quien llama. SOS.--abreme senora / Sos,llama,n,no,a,yes,86,1257.181283,7.136627417,no,stressed,8,0.093023256,oral,palatalization,c
eras qual te lo paro lleno d,mento: e veras qual te lo paro lleno de viento de lisonjas: que,lleno,o,yes,e,yes,8,116.9470961,4.761721662,no,stressed,4,0.5,oral,palatalization,p
con esto haze oy tan claro d, Parmeno: con esto haze oy tan claro dia: que auias tu de venir,claro,n,no,a,yes,23,336.2229012,5.817774336,no,stressed,9,0.391304348,oral,preservation,c
: como a el mismo me plazia d, de su amo: como a el mismo me plazia donde via su dano de Calis,plazia,e,yes,a,yes,1,14.61838701,2.68228012,yes,unstressed,1,1,oral,preservation,p
 harto me basta auer llorado a,companero: harto me basta auer llorado al vno: porque has de sabe,llorado,r,no,o,yes,1,14.61838701,2.68228012,yes,unstressed,0,0,oral,palatalization,p
 bozes como loco: de plazer. ,oche dando bozes como loco: de plazer. SOS.--o como son sin tien,plazer,e,yes,a,yes,78,1140.234187,7.038988947,no,unstressed,31,0.397435897,oral,preservation,p
s holgando e auiendo plazer: ,is cauallos holgando e auiendo plazer: diziendo cantares por olu,plazer,o,yes,a,yes,78,1140.234187,7.038988947,no,unstressed,31,0.397435897,oral,preservation,p
visitacion. y si mas clara q,cotidiana visitacion. y si mas clara quieres senora ver su fals,clara,s,no,a,yes,20,292.3677401,5.678012394,no,stressed,3,0.15,oral,preservation,c
quien osa entrar sin llamar a,re: veras quien osa entrar sin llamar a la puerta. torna torna a,llamar,n,no,a,yes,18,263.1309661,5.572651878,no,unstressed,6,0.333333333,oral,palatalization,c
 que me auian de dar plazer. ,ssen: sino que me auian de dar plazer. AREU.--no entremos por mi,plazer,r,no,a,yes,78,1140.234187,7.038988947,no,unstressed,31,0.397435897,oral,preservation,p
yormente de mugeres? llegate a,sitado: mayormente de mugeres? llegate aca senor Centurio que en ,llegate,?,no,e,yes,10,146.1838701,4.984865213,no,stressed,1,0.1,oral,palatalization,p
 vn cauallero que se llama C,vengues de vn cauallero que se llama Calisto: que nos ha enojad,llama,e,yes,a,yes,86,1257.181283,7.136627417,no,stressed,8,0.093023256,oral,palatalization,c
uelo / e Centurio se llamo m,re a mi abuelo / e Centurio se llamo mi padre: e Centurio me ll,llamo,e,yes,a,yes,5,73.09193504,4.291718033,no,stressed,3,0.6,oral,palatalization,c
padre: e Centurio me llamo y, llamo mi padre: e Centurio me llamo yo. ELIC.--pues que hizo e,llamo,e,yes,a,yes,5,73.09193504,4.291718033,no,stressed,3,0.6,oral,palatalization,c
como se le antojare. llore M,e: matele como se le antojare. llore Melibea como tu has hecho:,llore,.,no,o,yes,9,131.5654831,4.879504698,no,stressed,2,0.222222222,oral,palatalization,p
nda? quiero embiar a llamar a, e su demanda? quiero embiar a llamar a Traso el coxo e a sus do,llamar,a,yes,a,yes,18,263.1309661,5.572651878,no,unstressed,6,0.333333333,oral,palatalization,c
aje: ya sabra que te llaman S,bre de linaje: ya sabra que te llaman Sosia: e a tu padre llamar,llaman,e,yes,a,yes,16,233.8941921,5.454868843,no,stressed,9,0.5625,oral,palatalization,c
osia: e a tu padre llamaron S,e llaman Sosia: e a tu padre llamaron Sosia nascido e criado en ,llamaron,e,yes,a,yes,2,29.23677401,3.375427301,no,unstressed,2,1,oral,palatalization,c
berio de embidia del plazer d,isto e Pleberio de embidia del plazer de Melibea: cata que la em,plazer,l,no,a,yes,78,1140.234187,7.038988947,no,unstressed,31,0.397435897,oral,preservation,p
dera. pero porque ya llegamos a, que verdadera. pero porque ya llegamos al huerto: e nuestro amo s,llegamos,a,yes,e,yes,2,29.23677401,3.375427301,no,unstressed,2,1,oral,palatalization,p
de aquestas viciosas flores. , ortelana de aquestas viciosas flores. por prender cada manana: ,flores,s,no,o,yes,6,87.71032204,4.47403959,no,stressed,1,0.166666667,oral,preservation,f
-alegre es la fuente clara: ,or. LUCR.--alegre es la fuente clara: a quien con gran sed la v,clara,e,yes,a,yes,20,292.3677401,5.678012394,no,stressed,3,0.15,oral,preservation,c
? donde me tenias tu claridad e,ziente sol? donde me tenias tu claridad escondida auia rato que es,claridad,u,no,a,yes,7,102.3287091,4.628190269,no,unstressed,4,0.571428571,oral,preservation,c
a. mira la luna quan clara s,n tu venida. mira la luna quan clara se nos muestra. mira las n,clara,n,no,a,yes,20,292.3677401,5.678012394,no,stressed,3,0.15,oral,preservation,c
ga: tornaste loca de plazer: ,"ientes amiga: tornaste loca de plazer: dexamele, no me le desped",plazer,e,yes,a,yes,78,1140.234187,7.038988947,no,unstressed,31,0.397435897,oral,preservation,p
mio: no me ocupes mi plazer. ,lo que es mio: no me ocupes mi plazer. CAL.--pues senora e glori,plazer,i,no,a,yes,78,1140.234187,7.038988947,no,unstressed,31,0.397435897,oral,preservation,p
nestas burlas me dan plazer: ,to: tus honestas burlas me dan plazer: tus deshonestas manos me ,plazer,n,no,a,yes,78,1140.234187,7.038988947,no,unstressed,31,0.397435897,oral,preservation,p
ue quita primero las plumas. ,comer el aue quita primero las plumas. LUCR.--mala landre me mat,plumas,s,no,u,no,2,29.23677401,3.375427301,no,stressed,1,0.5,oral,preservation,p
 mi padre. Mi bien e plazer t,la casa de mi padre. Mi bien e plazer todo es ydo en humo. mi al,plazer,e,yes,a,yes,78,1140.234187,7.038988947,no,unstressed,31,0.397435897,oral,preservation,p
mor? que es esso que lloras t,"izes, mi amor? que es esso que lloras tan sin mesura? TRIST.--ll",lloras,e,yes,o,yes,4,58.47354803,4.068574482,no,stressed,2,0.5,oral,palatalization,p
#NAME?,ra? TRIST.--lloro mi gran mal. lloro mis muchos dolores. Cayo m,lloro,.,no,o,yes,13,190.0390311,5.247229478,no,stressed,5,0.384615385,oral,palatalization,p
r; vaya con nosotros llanto: , este lugar; vaya con nosotros llanto: acompanenos soledad: siga,llanto,s,no,a,yes,6,87.71032204,4.47403959,no,stressed,2,0.333333333,oral,palatalization,p
n tarde alcanzado el plazer: ,triste. tan tarde alcanzado el plazer: tan presto venido el dolo,plazer,l,no,a,yes,78,1140.234187,7.038988947,no,unstressed,31,0.397435897,oral,preservation,p
s cabellos: agora en plazer: ,i meses tus cabellos: agora en plazer: agora en tristeza. que pl,plazer,n,no,a,yes,78,1140.234187,7.038988947,no,unstressed,31,0.397435897,oral,preservation,p
ora en tristeza. que planeta h,plazer: agora en tristeza. que planeta houo que tan presto contra,planeta,e,yes,a,yes,2,29.23677401,3.375427301,no,unstressed,1,0.5,written,preservation,p
uiste osadia para el plazer. ,a: pues touiste osadia para el plazer. MELIB.--oyes lo que aquel,plazer,l,no,a,yes,78,1140.234187,7.038988947,no,unstressed,31,0.397435897,oral,preservation,p
te en el huerto: que plazer s,era hallarte en el huerto: que plazer sentiste con la venida: ni,plazer,e,yes,a,yes,78,1140.234187,7.038988947,no,unstressed,31,0.397435897,oral,preservation,p
"amara, acostarte as: llamare a","os en la camara, acostarte as: llamare a tu padre e fingiremos ot",llamare,:,no,a,yes,2,29.23677401,3.375427301,no,unstressed,1,0.5,oral,palatalization,c
NTENO AUTO. Lucrecia llama a,TO DEL VEYNTENO AUTO. Lucrecia llama a la puerta de la camara d,llama,a,yes,a,yes,86,1257.181283,7.136627417,no,stressed,8,0.093023256,oral,palatalization,c
"eda ver el gesto con claridad.""","rque le pueda ver el gesto con claridad."" Que es esto, hija mia: q",claridad,n,no,a,yes,7,102.3287091,4.628190269,no,unstressed,4,0.571428571,oral,preservation,c
e passion: que a los flacos c,nfermedad e passion: que a los flacos corazones el dolor los arg,flacos,s,no,a,yes,5,73.09193504,4.291718033,no,stressed,1,0.2,oral,preservation,f
? MELIB.--vna mortal llaga e,ue sientes? MELIB.--vna mortal llaga en medio del corazon: que ,llaga,l,no,a,yes,25,365.4596752,5.901155945,no,stressed,6,0.24,oral,palatalization,p
cedad toda suele ser plazer e,gez. La mocedad toda suele ser plazer e alegria: enemiga de enoj,plazer,r,no,a,yes,78,1140.234187,7.038988947,no,unstressed,31,0.397435897,oral,preservation,p
"a. Cata, si huyes de plazer: ","ara tu pena. Cata, si huyes de plazer: no ay cosa mas contraria ",plazer,e,yes,a,yes,78,1140.234187,7.038988947,no,unstressed,31,0.397435897,oral,preservation,p
" MELIB.--mas si a ti plazera, "," nosotros. MELIB.--mas si a ti plazera, padre mio, mandar traer a",plazera,i,no,a,yes,2,29.23677401,3.375427301,no,unstressed,1,0.5,oral,preservation,p
gripina: por solo su plazer h,su madre Agripina: por solo su plazer hizo matar. Estos son dign,plazer,u,no,a,yes,78,1140.234187,7.038988947,no,unstressed,31,0.397435897,oral,preservation,p
nica fija: mi fin es llegado. ,te de tu vnica fija: mi fin es llegado. Llegado es mi descanso e ,llegado,s,no,e,yes,5,73.09193504,4.291718033,no,unstressed,0,0,oral,palatalization,p
scanso e tu passion. llegado e,o es mi descanso e tu passion. llegado es mi aliuio e tu pena. ll,llegado,.,no,e,yes,5,73.09193504,4.291718033,no,unstressed,0,0,oral,palatalization,p
mi aliuio e tu pena. llegada e,legado es mi aliuio e tu pena. llegada es mi acompanada hora e tu,llegada,.,no,e,yes,5,73.09193504,4.291718033,no,unstressed,2,0.4,oral,palatalization,p
o la interrumpas con lloro n,partida. No la interrumpas con lloro ni palabras: si no quedara,lloro,n,no,o,yes,13,190.0390311,5.247229478,no,stressed,5,0.384615385,oral,palatalization,p
haze. Bien vees este clamor d,la cibdad haze. Bien vees este clamor de campanas: este alarido ,clamor,e,yes,a,yes,1,14.61838701,2.68228012,yes,unstressed,1,1,written,preservation,c
 vn cauallero que se llamaua C,or mi amor vn cauallero que se llamaua Calisto: el qual tu bien c,llamaua,e,yes,a,yes,6,87.71032204,4.47403959,no,unstressed,3,0.5,oral,palatalization,c
"imismo sus padres, e claro l","sciste assimismo sus padres, e claro linaje. sus virtudes e bon",claro,e,yes,a,yes,23,336.2229012,5.817774336,no,stressed,9,0.391304348,oral,preservation,c
a e sagaz muger: que llamauan C," vna astuta e sagaz muger: que llamauan Celestina. La qual, de su ",llamauan,e,yes,a,yes,3,43.85516102,3.780892409,no,unstressed,3,1,oral,palatalization,c
n porque muero. Gran plazer l,riste razon porque muero. Gran plazer lleuo de no la ver present,plazer,n,no,a,yes,78,1140.234187,7.038988947,no,unstressed,31,0.397435897,oral,preservation,p
mara con grandissimo llanto: ,do a su camara con grandissimo llanto: preguntale Alisa su muger,llanto,o,yes,a,yes,6,87.71032204,4.47403959,no,stressed,2,0.333333333,oral,palatalization,p
dazos: e haziendo su planto c,o hecho pedazos: e haziendo su planto concluye. ALISA. PLEBERIO.,planto,u,no,a,yes,1,14.61838701,2.68228012,yes,stressed,0,0,oral,palatalization,p
no acostumbradas: tu llanto e,us quexas no acostumbradas: tu llanto e congoxa de tanto sentimi,llanto,u,no,a,yes,6,87.71032204,4.47403959,no,stressed,2,0.333333333,oral,palatalization,p
 sepulcro. porque no llore y,o vayas al sepulcro. porque no llore yo solo la perdida dolorid,llore,o,yes,o,yes,9,131.5654831,4.879504698,no,stressed,2,0.222222222,oral,palatalization,p
siruienta. Ayudame a llorar n,su triste siruienta. Ayudame a llorar nuestra llagada postremeri,llorar,a,yes,o,yes,21,306.9861272,5.726802558,no,unstressed,13,0.619047619,oral,palatalization,p
uestra llagada p,a llorar nuestra llagada postremeria. O gentes que ,llagada,a,yes,o,yes,2,29.23677401,3.375427301,no,unstressed,1,0.5,oral,palatalization,p
 honrras? para quien plante a,en adquiri honrras? para quien plante arboles? para quien fabriq,plante,n,no,a,yes,1,14.61838701,2.68228012,yes,stressed,0,0,oral,preservation,p
s? dexarasme aquella florida p,"redamientos? dexarasme aquella florida planta, en quien tu poder ",florida,a,yes,o,yes,2,29.23677401,3.375427301,no,unstressed,2,1,oral,preservation,f
"s. Dierasme, fortuna flutuosa: ","r no tenias. Dierasme, fortuna flutuosa: triste la mocedad con veg",flutuosa,a,yes,u,no,1,14.61838701,2.68228012,yes,unstressed,1,1,written,preservation,f
a edad: que no en la flaca p,a e robusta edad: que no en la flaca postremeria. O vida de con,flaca,a,yes,a,yes,13,190.0390311,5.247229478,no,stressed,5,0.384615385,oral,preservation,f
. O vida de congoxas llena. ,ostremeria. O vida de congoxas llena. de miserias acompanada. O,llena,s,no,e,yes,11,160.8022571,5.080175393,no,stressed,7,0.636363636,oral,palatalization,p
sses sin tiempo esta flor q,no me sacasses sin tiempo esta flor que este dia echaste de tu,flor,a,yes,o,yes,16,233.8941921,5.454868843,no,stressed,2,0.125,oral,preservation,f
dan en corro. laguna llena d,res que andan en corro. laguna llena de cieno. region llena de ,llena,a,yes,e,yes,11,160.8022571,5.080175393,no,stressed,7,0.636363636,oral,palatalization,p
e cieno. region llena d,na llena de cieno. region llena de espinas. monte alto. ca,llena,a,yes,e,yes,11,160.8022571,5.080175393,no,stressed,7,0.636363636,oral,palatalization,p
mpo pedregoso. prado lleno d,e alto. campo pedregoso. prado lleno de serpientes. huerto flor,lleno,o,yes,e,yes,8,116.9470961,4.761721662,no,stressed,4,0.5,oral,palatalization,p
e serpientes. huerto florido e,do lleno de serpientes. huerto florido e sin fruto. fuente de cuy,florido,o,yes,e,yes,1,14.61838701,2.68228012,yes,unstressed,1,1,oral,preservation,f
. bienauenturados se llamaran q,tado dexar. bienauenturados se llamaran quando vean el galardon qu,llamaran,e,yes,a,yes,1,14.61838701,2.68228012,yes,unstressed,1,1,oral,palatalization,c
" podras dezir, mundo lleno d","Pues menos podras dezir, mundo lleno de males, que fuimos semej",lleno,o,yes,e,yes,8,116.9470961,4.761721662,no,stressed,4,0.5,oral,palatalization,p
 al hijo que enfermo lloraua: , rey Dauid al hijo que enfermo lloraua: muerto no quiso llorar. D,lloraua,o,yes,o,yes,1,14.61838701,2.68228012,yes,unstressed,1,1,oral,palatalization,p
muerto no quiso llorar. , lloraua: muerto no quiso llorar. Diziendo que era quasi lo,llorar,o,yes,o,yes,21,306.9861272,5.726802558,no,unstressed,13,0.619047619,oral,palatalization,p
que era quasi locura llorar l, Diziendo que era quasi locura llorar lo irrecuperable: quedauan,llorar,a,yes,o,yes,21,306.9861272,5.726802558,no,unstressed,13,0.619047619,oral,palatalization,p
", con que soldase su llaga. ","ros muchos, con que soldase su llaga. E yo no lloro triste a el",llaga,u,no,a,yes,25,365.4596752,5.901155945,no,stressed,6,0.24,oral,palatalization,p
E yo no lloro t,su llaga. E yo no lloro triste a ella muerta: pero,lloro,u,no,a,yes,13,190.0390311,5.247229478,no,stressed,5,0.384615385,oral,palatalization,p
o me respondas si te llamo? ,e de que no me respondas si te llamo? quien me podra cobrir la ,llamo,e,yes,a,yes,5,73.09193504,4.291718033,no,stressed,3,0.6,oral,palatalization,c
 que pescas nuestras flacas v,"redes, con que pescas nuestras flacas voluntades. A do me pones ",flacas,s,no,a,yes,4,58.47354803,4.068574482,no,stressed,1,0.25,oral,preservation,f
 te curaste. Dios te llamaron o,los que no te curaste. Dios te llamaron otros: no se con que error,llamaron,e,yes,a,yes,2,29.23677401,3.375427301,no,unstressed,2,1,oral,palatalization,c
 jamas haze senal do llega. , rayo: que jamas haze senal do llega. La lena que gasta tu llam,llega,o,yes,e,yes,49,716.3009634,6.574100419,no,stressed,3,0.06122449,oral,palatalization,p
La lena que gasta tu llama s,do llega. La lena que gasta tu llama son almas e vidas de human,llama,o,yes,e,yes,86,1257.181283,7.136627417,no,stressed,8,0.093023256,oral,palatalization,f
"s y lanza, azotes: y clauos s","que espinas y lanza, azotes: y clauos su sangre vertieron: los f",clauos,y,no,a,yes,2,29.23677401,3.375427301,no,stressed,0,0,oral,preservation,c
 mi mano turuias con claras m,es turuada mi mano turuias con claras mezclando razones dexa las,claras,n,no,a,yes,4,58.47354803,4.068574482,no,stressed,0,0,oral,preservation,c
e por boca de todos: llorando y, y responde por boca de todos: llorando y riendo en tiempo y sazon,llorando,:,no,o,yes,7,102.3287091,4.628190269,no,unstressed,3,0.428571429,oral,palatalization,p
 libro. Ni quiere mi pluma: ,ncipio del libro. Ni quiere mi pluma: ni manda razon que quede ,pluma,i,no,u,no,13,190.0390311,5.247229478,no,stressed,2,0.153846154,oral,preservation,p
 digna gloria: ni su claro n,mbre ni su digna gloria: ni su claro nombre cubierto de oluido ,claro,u,no,a,yes,23,336.2229012,5.817774336,no,stressed,9,0.391304348,oral,preservation,c
ombre: su tierra: su clara n,"anera su nombre: su tierra: su clara nacion. ""Toca como se deui",clara,u,no,a,yes,20,292.3677401,5.678012394,no,stressed,3,0.15,oral,preservation,c
omo se deuia la obra llamar T,"n. ""Toca como se deuia la obra llamar Tragicomedia e no comedia.",llamar,a,yes,a,yes,18,263.1309661,5.572651878,no,unstressed,6,0.333333333,oral,palatalization,c
traydor supplico que llores d,ste mundo traydor supplico que llores discreto lector el tragico,llores,e,yes,o,yes,4,58.47354803,4.068574482,no,stressed,2,0.5,oral,palatalization,p
